x,y,arg
-8.713062,15.4740925,0
8.457666,-0.2709103,0
3.9686308,17.174263,0
9.877012,11.887101,2
20.088097,9.18493,0
-1.6465423,1.2364813,1
13.194319,-0.9902178,2
-1.8877635,10.777423,0
-19.55514,7.8147416,0
16.274143,18.073153,0
14.694339,3.4179807,0
5.396204,9.946273,0
11.861403,7.5159926,2
14.721805,12.471552,0
-1.5322692,-9.9624815,1
11.865825,-2.5103476,1
18.15488,-6.257795,2
22.16735,-3.823683,1
-5.125206,-9.244531,1
11.270198,-2.0289907,1
4.065743,-1.6392639,1
2.0312018,-8.9937725,2
-1.762815,12.547551,1
-12.127616,-3.1585002,1
6.112617,-15.847245,1
5.7554307,-6.743008,1
-1.9754922,-1.745805,1
8.4617405,-3.0582364,2
15.742999,-4.163831,1
-3.5961719,20.310251,0
12.282347,19.297686,0
3.179904,19.461449,0
3.4391396,10.383772,0
19.874582,-1.6377442,2
13.220524,15.415822,1
-5.6812963,-5.90468,1
7.8648953,-11.048231,1
9.940792,-9.427786,1
2.0864065,2.0204594,2
17.35529,11.7414665,1
-7.4400415,3.383437,0
6.4637713,0.6057675,2
-2.980369,7.550077,1
-2.6619637,-7.9522276,1
12.093655,-2.4559953,1
3.4950264,0.22991125,2
16.26574,8.649053,2
-16.073473,5.114584,0
14.790745,19.110964,0
15.191337,3.8595183,0
9.385226,16.913162,0
11.539494,7.7009306,2
16.541994,14.853376,2
5.8456054,3.1177394,2
-0.29677176,12.172345,2
-13.048317,-1.2442352,1
7.614214,-14.433908,1
5.2964993,-6.4663563,1
-2.6138453,-1.501663,1
8.473423,-2.8664398,2
20.87747,6.3014555,2
-1.4925925,-9.989863,1
19.861176,-9.504979,1
16.697674,-12.180333,2
23.525282,1.8015633,2
-1.779017,-8.216662,1
11.733508,-12.281777,1
-0.24059814,16.073154,2
16.06332,8.444467,2
-6.789404,3.0195537,0
6.3067923,-0.15169367,2
-3.26784,7.8577394,0
-2.6622534,-15.846019,1
11.5288515,-2.721121,1
3.6974823,-0.053070575,2
16.429277,8.815398,1
-13.9411955,16.943535,0
8.042998,1.6741891,0
9.723563,7.4446845,2
18.965937,14.862229,0
-13.535848,16.521185,0
7.135912,1.3125046,0
9.138162,7.5093384,2
-1.3476644,9.642067,2
-6.881022,-9.439666,1
9.38988,4.0414915,1
14.743938,-6.0652905,1
2.3458557,4.891352,1
1.5503922,0.093265936,2
16.961287,-2.0649807,2
-3.6632855,1.7239641,1
5.8700366,6.486015,1
5.4112263,-6.7318974,1
3.11281,-7.447551,1
2.3380408,1.1170129,2
-9.45664,7.5438676,1
-8.120782,9.0381365,2
-9.2119,12.9715395,0
-6.280584,10.250093,0
7.228282,2.6219552,2
-2.5152407,8.439777,0
-6.967078,11.174802,0
10.139674,1.4239475,0
16.875097,0.9125643,0
12.23816,3.812862,2
-0.0138052115,17.793726,0
0.6193628,18.916536,0
5.3616366,21.704975,0
4.031261,19.150806,0
2.7823555,9.699181,2
1.5143524,15.087295,1
-13.299387,3.0449214,0
17.04344,5.605827,0
7.686033,7.7586784,2
19.095901,14.715763,0
-13.89017,16.890825,0
8.050723,1.6610284,0
9.743277,7.4382873,2
18.98226,14.843222,0
-13.824164,4.8837132,0
11.281701,2.2691352,0
14.949904,2.7456832,0
3.6140547,9.549633,0
6.853382,3.5727484,2
14.506795,11.120347,0
4.379932,2.8087034,2
-5.2943425,5.2164693,0
-11.172738,0.32720706,2
-0.3015928,11.151286,1
-10.441324,0.25296244,2
-0.3455332,11.2760105,1
-7.761358,22.836342,0
10.1087475,1.3921072,0
3.4704378,16.82763,0
10.199077,12.828264,2
23.261787,13.860518,0
-3.994221,20.75284,0
5.510909,21.04894,0
3.491037,19.35775,0
3.2977893,10.526967,2
23.345406,13.991912,0
-12.147239,7.6070957,1
5.668396,6.32797,1
10.566142,-4.722769,1
1.9064403,4.270012,1
2.2143443,0.45037994,0
5.491859,2.6161592,1
5.614288,2.625144,2
-1.4442545,11.415055,2
-8.438937,15.290171,0
8.464414,-0.16385093,0
3.6065133,16.806982,0
9.881918,11.934248,2
20.019253,9.226264,0
-5.5721855,16.62875,0
11.113548,2.1433666,0
2.7690997,17.177935,0
3.489406,9.415558,0
6.83361,3.5670652,2
14.445353,11.213389,0
-8.148957,-8.238402,1
11.806055,-2.5685735,1
3.647298,0.12672,2
16.37243,8.753812,1
3.550384,-11.502576,1
5.216009,6.114488,1
5.2028513,-5.2594643,1
-1.3832273,-1.4176025,1
5.265294,0.3956075,2
16.14292,-3.0744307,2
-7.679224,13.507811,0
7.8877563,-18.23935,0
8.012453,7.5687046,2
19.148018,14.648801,0
1.8422862,7.855965,0
8.004089,0.28076422,0
8.790628,8.204597,2
19.273201,14.498277,0
-7.719703,-10.502697,1
13.415541,-14.426012,1
3.9534614,-0.58814216,2
16.549904,8.940659,2
-3.0629604,23.26573,0
6.496345,1.7825869,2
-2.3085294,11.981016,2
-6.7415,-3.6368804,0
11.186944,15.82799,2
-2.122421,8.121641,1
-9.772396,20.950462,0
7.7399487,0.9055763,0
3.606413,16.255106,2
19.287556,11.671816,1
-3.7552524,20.488628,0
5.5425687,21.030554,0
3.3858025,19.35829,0
3.3275695,10.515256,0
13.207561,8.001823,2
16.327585,15.075442,0
-10.773126,12.830005,0
7.8475633,0.7169649,0
3.592364,16.34028,2
19.458862,11.361479,2
-13.16154,0.76226515,2
3.21545,13.47867,0
-8.085465,-8.298058,1
15.295351,-9.3443575,1
3.8736212,0.0089468565,2
23.256048,1.4051917,0
-8.17056,8.987208,2
-9.192225,12.949783,0
-8.053944,-5.4301233,1
4.4999537,7.2827554,1
4.1530085,-2.6764488,1
-0.80225396,0.5513116,2
21.301752,0.411013,1
-7.9933796,18.161276,0
8.295588,19.942245,0
15.910787,1.2775236,0
8.775219,17.381258,0
13.011076,7.895377,2
16.272339,15.129829,2
-7.2141833,-6.0213137,1
4.473338,6.359261,1
4.3972144,-2.747341,1
-0.73290026,0.4540063,2
21.52056,0.03147987,1
5.049413,2.1866128,2
0.582656,12.343328,0
0.34029824,6.13198,2
0.36147028,8.020501,0
-11.736071,2.2307315,1
-4.760837,-3.166485,1
3.9614925,-0.5139885,2
15.551465,6.2657933,0
-4.00066,20.757416,0
10.425422,1.6670327,0
3.4074984,16.899347,0
10.086623,13.28423,2
19.941576,9.301854,2
-8.801993,1.8946674,1
4.569883,5.987302,1
10.607856,-4.684592,1
1.782578,2.9327428,2
21.60988,-0.025554696,1
-13.770427,10.833886,2
-10.0795,7.042664,0
-11.110636,5.0300245,0
0.60902435,-11.382718,2
-2.6420114,7.148639,1
6.041154,2.2124033,2
8.228233,11.673049,0
-9.7159195,21.007418,0
-4.310853,11.525191,0
7.984611,7.576556,2
23.469849,9.308116,2
-5.898961,18.692175,0
7.9570513,0.39210248,0
8.695726,7.809622,2
-1.3353119,9.6277485,1
-4.4918833,9.997323,2
3.0933838,22.137623,0
-1.6397668,1.5100954,1
12.985661,-1.4690353,2
-1.3624971,11.519866,0
-10.320691,0.19994265,2
0.29736432,11.021001,0
-6.6436763,13.052604,0
9.829537,1.0984467,0
3.473952,16.807186,0
10.402823,13.074765,2
19.923845,9.325323,0
-3.050704,3.6628668,1
10.93327,5.4273643,2
18.579319,3.2674887,2
-1.390549,-12.910864,1
12.460996,-2.1946187,2
-3.7919335,6.2142878,1
-16.529154,0.8360944,1
26.71232,3.804141,1
14.408181,-6.131067,1
2.3638315,5.068575,1
12.179674,13.428373,2
16.900162,-2.145851,2
0.6449965,18.982355,0
10.198125,1.4832758,0
3.3742323,16.914125,0
2.9091558,9.693659,2
6.57163,5.34748,1
-1.0278063,19.182259,0
10.682898,1.8456957,0
16.154581,1.1241643,0
3.5612924,9.692732,0
13.019525,7.9849086,2
16.269402,15.133969,2
-5.038404,13.452426,0
2.9780874,-4.7174687,0
6.2749567,14.635321,2
19.468842,11.377645,0
20.4628,4.0073643,2
-10.05228,7.069218,0
-9.747252,-1.5603676,0
11.350884,2.3924348,0
2.70722,17.20623,0
4.0230803,9.566577,0
11.63227,7.7599535,2
16.52651,14.86839,2
5.9091177,3.1642592,2
5.2355795,2.3610985,2
-5.017417,16.693682,0
11.650817,1.7920616,0
1.5638074,20.295301,0
8.876732,14.811925,0
7.8605037,4.745903,2
13.249327,15.44463,1
0.3959531,6.211358,2
0.4805099,7.507912,0
-10.544038,14.50004,0
10.180015,-0.7077264,0
17.234125,0.31646323,0
12.728289,3.338927,2
1.5637137,15.0314455,2
-4.4599447,10.043593,0
6.4259562,2.0417593,2
-2.7935195,7.777545,2
-5.180283,8.390216,0
19.82517,17.789059,0
14.744751,2.9864924,0
9.338274,16.954403,0
11.999335,7.593149,2
14.627342,12.419249,0
-4.822675,2.8949163,1
5.9435954,-16.023952,1
6.3093286,-6.5947804,1
-2.0488377,-1.8752689,1
11.352883,4.180181,2
16.388973,-2.265756,2
-8.041016,18.207111,0
8.311403,19.944777,0
2.6781058,19.613827,0
3.472941,10.312508,0
13.025776,7.8779297,2
16.303957,15.101229,2
-12.381504,7.322836,1
0.24453355,-13.767581,1
12.2269125,-6.7624283,1
1.7093676,3.833279,1
11.047789,4.7947044,2
15.870951,-1.5557913,2
-3.612947,20.331404,0
12.256482,19.317715,0
3.1596904,19.470943,0
3.3691745,10.47385,0
13.165459,7.996334,2
14.173709,11.5855665,1
-4.4352407,4.006067,0
8.454198,-0.65115386,0
6.507123,14.513831,0
8.555615,-5.3705044,2
23.241114,13.339986,0
-9.871208,-3.5660079,1
13.378314,0.1899224,2
18.182343,3.6751628,2
-13.815394,10.790984,2
-9.581464,7.486825,0
-1.3025573,-13.033556,1
12.505831,-2.1975918,2
-1.1525089,11.496666,1
-6.9119053,-9.466353,1
26.111284,4.026006,1
14.541312,-6.095051,1
-1.1555278,-2.0174901,1
0.114427395,14.508988,2
20.215298,5.7925644,2
4.9395094,2.3714347,2
-0.3382545,12.51962,0
-8.082638,9.078038,2
-9.205932,12.965135,0
-8.465326,15.291459,0
8.372537,-0.29980868,0
17.602877,0.9619211,0
8.686495,-5.5909758,2
23.23733,13.755244,0
-9.70847,-1.5263795,0
11.400927,2.3517945,0
2.6670222,17.250145,0
4.069382,9.551008,0
11.639845,7.706928,2
14.479919,11.164908,2
-10.97,0.31874156,2
-0.32846135,11.238399,1
4.6010094,-10.428603,2
-5.852987,14.487418,0
-10.555488,14.487527,0
9.717924,0.9719959,0
16.95429,0.89513475,0
8.847265,-5.869441,2
6.571792,5.345068,1
-5.039591,8.24722,0
11.233031,2.2519424,0
2.7308116,17.20291,0
8.576633,14.0480585,0
7.220645,3.9778893,2
-2.6823833,5.7863054,0
-7.5313773,-5.860811,1
4.492425,7.244208,1
4.130715,-2.673206,1
1.6103643,-8.683905,2
-1.7034304,12.676705,1
-16.558191,0.8481728,1
26.72866,3.79791,1
6.1992893,-5.921289,1
2.923699,-8.301205,1
8.394997,-3.545622,2
15.685523,-4.2317863,1
-15.0136385,-3.455656,1
-0.2797588,-17.601667,1
4.698943,-5.2962794,1
2.566286,-7.8229785,1
7.667551,-3.1278374,2
15.669746,-4.2192516,0
-4.728955,13.837431,0
8.0307865,0.22664851,0
3.5619836,16.4667,2
-1.3406595,9.641789,1
-14.376262,6.752961,1
26.699547,3.7981975,1
6.1771183,-5.9106264,1
2.916373,-8.274387,1
3.4471753,-7.1920123,2
15.640415,-4.270756,1
-5.7707324,6.587702,2
-9.177165,12.931883,0
-4.4415574,-1.7028841,1
0.16622593,-13.686044,1
11.791074,-6.866101,1
-2.0080101,-1.2186174,1
11.036723,4.811771,2
15.900279,-1.5612409,2
-5.8397827,8.857193,0
11.311828,2.3442554,0
14.912658,2.8471813,0
3.6704729,9.448797,0
11.842189,7.693747,2
16.320208,15.082221,2
-16.030333,8.465673,2
3.4494076,13.958082,0
-11.900001,-3.4736679,1
6.778687,-13.725525,1
5.4899287,-6.697939,1
-2.2693532,-1.6939143,1
11.222233,4.462149,2
16.143713,-1.954022,2
-2.3650007,-4.4298115,1
4.5947943,6.0695004,1
5.42225,-4.721567,1
-1.0661869,-1.1025848,2
17.731981,-8.659083,1
15.78577,-4.1305876,2
7.37767,7.360773,1
-5.9960656,2.634624,0
-7.7853575,3.543443,0
8.100714,1.7190242,2
7.663093,7.4883394,2
10.130207,7.5258236,2
5.685811,2.5421994,2
-0.9740921,-6.4018636,1
8.011875,9.982953,2
-3.5054884,5.9953847,2
-11.105612,5.0284867,0
6.6775436,1.5179199,2
3.6408408,12.746411,2
-1.8541884,1.0678054,1
12.924829,-1.6095546,2
-1.3097861,11.475839,0
-7.9088717,-2.646168,0
7.2755055,2.690251,2
3.6522474,12.750708,0
-6.2766786,-1.9168348,1
11.464946,-2.3332813,1
18.104935,-6.3126197,2
15.206888,5.9307137,1
-15.780092,-1.4910464,1
5.1672206,-16.453411,1
6.316375,-6.4864893,1
-1.0608871,-2.255972,1
12.22421,13.368293,2
16.790304,-2.2288604,2
-11.7707405,-3.7582462,1
6.9297795,-13.874913,1
12.885134,-6.664195,1
1.7238019,4.451275,1
2.1572535,-0.6178611,2
15.991666,-1.8836082,2
4.416146,2.7395082,2
-0.5487654,21.144548,0
-10.565045,14.481509,0
9.707716,0.9671738,0
3.4672384,16.812145,0
8.837166,-5.865402,2
6.556249,5.323573,1
-6.2691717,18.95478,0
7.8420095,0.7021919,0
8.604774,7.557605,2
19.304708,14.47881,0
-12.394441,7.3060746,1
0.19444121,-13.715917,1
12.112357,-6.812079,1
-1.9747986,-1.2449044,1
7.958675,-2.4244053,2
15.697795,-4.2009683,1
-10.907711,2.632303,2
-8.438222,7.8021283,0
-7.798551,9.392582,2
-7.8160605,5.4262495,0
-1.4708444,-10.033217,1
11.8801985,-2.4912226,1
18.116667,-6.2608247,2
22.118385,-3.6645882,1
4.306033,2.8107579,2
-0.34408203,12.757604,0
-5.6723895,-0.15434322,1
11.391238,-2.2340946,1
4.0434866,-1.5213757,1
2.0269868,-9.035201,0
5.642332,2.6413167,2
-1.962154,11.859111,0
-1.0714217,15.312442,0
-0.7043442,22.649115,0
8.486105,7.0252557,2
22.928572,8.500116,2
-7.2320714,-6.011339,1
4.5339065,6.3162484,1
4.488893,-2.928812,1
2.056982,-8.873342,2
17.748472,-8.67556,1
-6.902413,11.170114,0
10.190875,1.4727359,0
16.856985,0.94036585,0
12.275317,3.7773554,2
6.567123,5.3630404,1
-5.7267737,6.5337853,2
-8.398003,7.803813,0
-3.5389433,1.8488737,1
5.8798733,6.525401,1
10.449051,-4.83942,1
2.2321656,4.6870236,1
2.1412265,0.5161456,2
12.627615,10.069033,1
-5.0999813,8.307936,0
11.246531,2.2647967,0
2.7243235,17.203255,0
8.567469,14.033623,0
7.2328267,3.9889362,2
-2.615014,5.713308,0
-11.697944,10.810607,1
11.299224,-2.1088524,1
4.068514,-1.6193894,1
2.0467992,-9.047645,2
17.72421,-8.659765,0
-7.180223,-6.0514235,1
4.4986887,6.3607283,1
4.4916387,-2.927124,1
2.0313487,-8.864765,2
17.775915,-8.677939,1
-5.9609976,2.641657,0
6.971394,1.2757263,2
-2.879256,7.6530776,1
-4.096421,-0.23164351,2
3.4253387,13.918257,0
-8.143381,9.011836,2
-9.2003565,12.961873,0
4.3907604,2.786774,2
-5.292094,5.2265334,0
-3.259113,-5.178071,1
0.40542042,-4.923915,1
9.420371,-8.870958,1
1.9975944,2.3245585,2
21.77818,0.13882935,1
-11.267841,-7.878552,1
10.967662,-3.1548874,1
16.466002,-12.980344,2
23.234177,1.3875301,0
-12.986235,-1.1869572,1
7.6576343,-14.375683,1
5.228939,-6.3224945,1
-2.6223629,-1.4842135,1
8.434061,-2.8330684,2
15.716223,-4.1724668,1
-8.999868,1.7559566,1
4.94176,6.0429063,1
5.2210307,-5.030876,1
-1.2046379,-1.1308837,1
8.003254,-3.3967428,2
15.62202,-4.2678423,1
-2.9921062,14.564575,0
12.201481,19.36118,0
2.7951102,19.574633,0
9.76652,13.685255,2
19.573214,9.708748,1
-9.748714,10.734541,0
10.483197,23.009623,0
-2.253425,17.6639,0
7.380315,12.427017,0
18.698528,-3.0527554,2
13.597309,15.761545,2
-1.8563309,1.0219595,1
12.889266,-1.640149,2
-1.9043462,10.745121,0
-4.9460816,13.563957,0
2.7513866,-4.8000803,0
6.274813,14.606643,2
22.652727,8.132113,1
-5.530672,0.026498776,1
11.389967,-2.2667806,1
3.8819911,-0.9059571,2
15.251773,5.982059,0
-1.4662228,-10.028206,1
11.969503,-2.530881,1
18.148216,-6.3196793,2
22.094034,-3.748066,1
-4.4776583,-1.6680689,1
5.516163,6.274169,1
5.4265294,-5.4225044,1
-1.5365596,-1.4783509,1
5.2901525,0.42750266,2
16.146044,-3.0941615,2
-13.322022,3.032685,0
17.037462,5.6085935,0
7.6757283,7.7570744,2
23.62067,9.488391,2
-6.0100994,2.6459646,0
6.9790792,1.2819369,2
-2.2815106,11.945004,2
-2.9212186,-11.671384,1
12.603255,-2.139809,2
-1.8518158,10.741038,0
0.60526603,18.943048,0
5.4490557,21.601133,0
16.37254,0.6519344,0
2.7757125,9.644817,2
1.4569775,15.13826,1
-8.1005,9.059008,2
-7.844074,5.4527054,0
-6.0275536,2.6614213,0
6.993869,1.3123822,2
-2.7053792,7.2560086,1
-16.047121,5.1762486,0
11.393998,2.3527522,0
2.7225702,17.195484,0
7.720121,13.246279,0
6.847463,3.5657454,2
13.609574,15.79556,0
-12.159229,-3.1170208,1
5.712513,6.3756013,1
10.403581,-4.881411,1
1.870902,4.8784065,1
2.1669216,0.54425746,2
16.148676,-3.0833244,2
-13.510825,16.49521,0
13.494363,19.715225,0
9.547416,7.4793997,2
18.919683,14.91168,0
-7.7596154,22.84575,0
10.05296,1.345471,0
16.870926,0.9039339,0
12.253434,3.7883594,2
6.5632453,5.357385,0
0.5627206,18.909666,0
10.281987,1.5503314,0
16.759314,0.9541225,0
2.9296606,9.690964,2
23.269594,13.831532,0
-15.683138,-1.4836086,1
5.6745863,6.3479514,1
10.479453,-4.807924,1
2.0581272,5.0628357,1
2.1111991,0.47173703,2
12.667746,10.039104,1
-7.542754,-5.8384523,1
4.476989,6.403133,1
10.655595,-4.7179346,1
2.0512106,2.0559573,2
17.357832,11.708722,1
-1.0737108,15.313099,0
-0.72032446,22.675732,0
8.482725,6.9940667,2
19.64524,14.216553,0
-13.090967,-1.202483,1
7.6222672,-14.444534,1
5.2523255,-6.4479337,1
-2.6057022,-1.4908189,1
11.135073,4.6263857,2
15.962782,-1.8105083,2
-8.272507,11.524942,0
7.8000994,0.77531016,0
8.421224,7.4774284,2
19.24549,14.5351925,0
-16.933605,12.183086,0
9.995682,1.2732258,0
3.4088583,16.871304,0
8.824655,-5.86783,2
6.5693774,5.3481407,0
-13.327402,3.051695,0
7.682243,1.3440535,0
3.5861807,16.234592,2
19.32008,11.633822,1
-1.3327188,-13.011138,1
20.448082,-7.8005786,2
-1.9288179,10.65649,0
-9.403932,1.4592832,1
4.9706464,5.9615903,1
5.120621,-5.0581417,1
2.4985418,-8.263608,1
7.914755,-3.3876045,2
19.585487,6.158775,2
-3.6081944,20.325388,0
10.543101,1.7426621,0
16.242039,1.130816,0
8.856738,17.312372,0
13.203018,8.080831,2
16.314255,15.088073,2
-4.8308463,13.712836,0
8.124038,0.06812029,0
3.5340905,16.57472,2
19.338217,11.45154,1
-10.9418955,-14.117641,1
11.285518,-2.0776465,1
4.113295,-1.749127,1
-0.6623326,0.343156,2
17.695602,-8.642715,0
-3.6073585,20.324472,0
10.469743,1.6920094,0
16.250183,1.0395745,0
3.4984696,9.624093,0
13.160339,8.023644,2
14.438282,11.191219,0
9.361636,10.197413,0
6.435016,1.9060144,2
-2.2318568,11.944694,2
5.451167,-9.631356,2
0.88750404,12.443944,0
-16.556276,0.84872675,1
5.780777,6.4319825,1
5.9692173,-5.636349,1
2.814554,-8.357406,1
3.4692907,-7.079815,2
15.673663,-4.247318,1
-10.403262,-1.8758175,0
11.34099,2.3694315,0
14.895372,3.1472166,0
4.000609,9.53296,0
6.837162,3.5593565,2
13.614227,15.801948,2
-11.698798,10.814375,1
11.610397,-1.5541614,1
3.983148,-1.7724677,1
1.9347165,-9.290352,2
-1.7430699,12.663713,2
-5.606747,16.642368,0
9.442131,19.566507,0
1.6179917,20.243538,0
9.256398,14.379434,0
7.810262,4.5657387,2
13.438744,15.627894,2
4.896943,-10.205975,2
-3.7402723,-3.3512073,0
-16.920897,12.167744,0
-0.4399572,24.29988,0
4.5345078,18.774649,0
10.3462715,12.901777,2
19.767273,9.6033125,0
-8.274927,11.517984,0
11.473298,17.46286,0
4.5665913,15.190127,2
23.23552,8.945493,2
-1.7719723,1.073821,1
13.347946,-0.8533701,2
-1.908063,10.754734,0
-10.596568,14.444545,0
10.074816,-0.624297,0
4.77688,18.367743,0
10.535025,13.086711,2
23.486702,13.627973,0
-10.948053,-14.109829,1
16.77163,-5.6706033,1
10.971628,-9.412246,2
22.196857,-3.2507567,2
-8.288995,11.043749,0
11.443452,17.432936,0
4.6505504,15.150499,2
19.576038,11.513357,0
-13.743951,4.9759164,0
12.157552,21.566349,0
14.938289,2.6338942,0
3.3825915,8.588546,0
12.287488,7.6796794,2
16.450554,14.950733,2
-14.941247,-3.381447,1
5.066285,6.0448947,1
10.591064,-4.6969614,1
-1.4759703,-1.3327346,1
5.2861915,0.41816926,2
19.728271,6.113561,2
-9.730342,-1.5551139,0
16.831495,20.79517,0
-2.3562012,17.609802,0
7.3643603,12.386648,0
13.748612,-3.398987,2
-1.3542781,4.758336,0
-6.9414344,11.205563,0
4.802645,21.831139,0
17.077248,0.21265239,0
9.2607975,-6.2853456,2
23.283152,13.981811,0
-3.0041394,14.546882,0
12.241596,19.329302,0
2.762438,19.594128,0
3.421211,10.386999,0
19.84431,-1.6681247,2
13.229219,15.422985,1
-8.6320095,-4.8973327,1
13.506044,1.7242835,1
10.743029,-9.395066,1
-0.66627103,0.5166971,2
21.19205,0.48449996,1
-6.210914,-6.003918,1
8.290004,-11.642158,1
4.713389,-3.1549516,1
-0.23097982,0.78037024,2
21.353485,0.050884962,1
-8.767449,1.9289161,1
4.576398,5.973275,1
5.400727,-4.8980365,1
-1.1822387,-1.2181889,1
5.299094,0.4432804,2
16.138365,-3.0696719,2
-13.813388,16.811375,0
8.096503,1.7198474,0
3.5197563,15.519348,2
19.57209,11.840242,2
-7.079938,3.1978707,0
6.4340124,0.46719286,2
-2.9440238,7.5498977,0
-2.5172822,-4.5827594,1
0.34152016,-4.793733,1
5.8385024,-3.8824031,1
2.3891582,-7.955564,1
3.5436864,-7.2202444,2
15.648217,-4.137548,1
-15.955515,5.1317716,0
15.050897,19.45412,0
15.26706,3.9381459,0
9.396473,16.899155,0
10.755228,7.67812,0
6.8649526,3.676774,2
-2.5670211,5.69252,1
-9.414332,1.4508598,1
1.9571723,-2.0663273,1
11.165884,-7.034962,1
1.7320249,3.3358364,1
11.482268,-0.29090834,2
19.619349,6.285437,2
-7.6868706,3.5143037,0
6.544454,0.871473,2
-3.0269058,7.6334977,0
-6.800381,3.0259826,0
6.2843623,-0.18909504,2
-2.348714,11.987731,1
-11.271454,0.3250459,2
0.30313998,8.552374,2
-9.079117,1.6874837,1
2.0136158,-1.9993765,1
4.877159,-5.045847,1
2.4859123,-7.983411,1
3.5109396,-7.21838,2
15.653122,-4.2290626,1
-3.598719,1.7886177,1
9.42274,4.014966,1
14.780527,-6.0524926,1
2.3922286,4.7847047,1
1.5255466,0.057055816,2
12.319158,10.277578,0
-6.9101143,-9.464095,1
26.169914,4.005189,1
6.285966,-5.8640904,1
-1.1719018,-2.049635,1
12.1487665,13.445211,2
16.927628,-2.1130579,2
-8.057448,-8.326016,1
15.30935,-9.362273,1
16.45366,-12.973525,2
21.680447,-3.6006749,1
-10.971912,-14.086043,1
11.591014,-1.5805917,1
3.9891095,-1.7844803,1
1.957415,-9.28794,2
17.49106,-8.603197,0
-1.0875663,19.115078,0
9.098695,19.82272,0
1.9964758,19.960852,0
3.405304,10.0904,0
19.854485,-1.6658242,2
14.040271,11.607591,0
-13.918733,16.92255,0
7.938014,1.5782247,0
9.719606,7.4459267,2
23.736694,9.649023,2
-5.0820765,8.297283,0
19.839766,17.804983,0
0.9661222,21.281586,0
8.51562,14.116697,0
7.4290366,4.7687974,2
-2.1938658,5.384029,0
-10.951998,-14.10556,1
16.76811,-5.6329703,1
3.9921916,-1.8964758,1
1.9421833,-9.284313,2
-1.7371819,12.6730995,1
-16.02588,5.1937532,0
14.8259,19.143253,0
15.243329,3.904821,0
4.394403,9.56988,0
18.564295,-3.2264056,2
13.762137,15.935526,1
-2.8923614,-11.698577,1
15.347542,-7.5240636,2
18.546686,3.3026419,2
-10.164967,-3.8106892,1
13.370705,0.18535523,2
18.14994,3.7164323,2
-4.0720053,-5.466071,1
0.3657986,-4.8778334,1
5.7471275,-3.704169,1
2.3028874,-8.047041,1
7.886841,-3.1487803,2
19.281368,6.25687,2
-7.793321,9.393872,2
-8.159814,5.767123,0
-7.65434,13.503235,0
7.8908577,-18.239326,0
8.083567,7.5127044,2
19.141975,14.653685,0
-1.6586156,1.9174672,2
0.6243899,10.941038,0
-3.007139,14.549855,0
12.2809515,19.296137,0
2.7500632,19.5876,0
9.769937,13.678366,2
19.633327,9.648727,1
-13.152878,0.76443195,2
3.2014012,13.461005,0
-9.710961,15.337561,0
9.914262,-0.5069948,0
4.784001,18.08771,0
10.921485,13.299149,1
5.612836,2.7850032,2
10.87882,19.36344,1
-7.4382057,3.3841107,0
6.4628897,0.6371761,2
-2.7090528,7.245297,1
-4.423372,10.079406,0
6.4091287,1.9762009,2
-2.704442,7.228559,1
-3.931126,20.676943,0
5.549517,21.098083,0
16.238909,0.8488929,0
3.3330202,10.463339,2
1.5851911,15.015952,1
-9.307887,15.533642,0
9.661135,-0.31770846,0
4.660435,17.918425,0
10.974555,13.312032,2
19.823835,9.452704,0
-16.031105,8.46567,2
3.2641852,13.442718,0
-12.585825,12.395357,0
7.970035,0.35365915,0
3.5581412,16.388285,2
-1.3180768,9.586769,1
-6.6120386,13.052243,0
-0.426424,24.274569,0
4.576969,18.717405,0
10.422621,12.989249,2
23.442883,13.741153,0
-6.1395555,-6.0094523,1
8.3040285,-11.660424,1
4.8119364,-3.1791298,1
-0.23944303,0.7828705,2
21.362774,0.0056329314,1
-7.6523438,13.489767,0
7.8968773,-18.247913,0
8.017142,7.546358,2
23.411692,9.214061,2
-4.691997,13.882641,0
2.0898528,-4.8986583,0
8.874681,8.377688,0
8.500152,-5.2835064,2
1.541952,15.041735,2
-11.078543,4.9984746,0
0.63037926,-11.404112,2
-2.0817323,8.017123,1
-2.5538285,-4.6148925,1
0.30308372,-4.802269,1
5.87288,-3.800666,1
-0.60644066,-1.0564388,2
21.790754,0.20637995,1
-8.409572,3.7256243,0
4.0154104,24.62697,2
-2.5189562,12.143488,0
-4.919639,-5.6667757,1
7.832626,-11.002569,1
9.7503805,-9.303207,1
-0.12940244,0.9796657,2
16.873894,-8.142668,1
-13.902859,16.90361,0
8.0419655,1.6598123,0
9.664378,7.393242,2
18.939693,14.891603,0
-8.398221,3.7270193,0
4.001131,24.641708,2
-2.043308,7.3948994,1
-13.827182,4.888617,0
12.106519,21.535345,0
14.965152,2.6151352,0
9.250868,17.029505,0
10.698158,7.6958375,2
16.353338,15.050648,2
-8.634927,-4.892563,1
13.502107,1.7293879,1
10.625124,-9.392955,1
2.079818,1.8669422,0
5.687196,2.5831244,2
-7.910713,5.518064,1
-3.6550844,1.7237756,1
9.640404,4.058408,1
14.694481,-6.1059194,1
2.4501526,4.7318964,1
1.5115569,0.09020655,0
13.110627,-0.97445893,2
-1.3763299,11.376616,1
-6.141164,-6.006034,1
8.290857,-11.641529,1
4.7961664,-3.1618664,1
-0.28094292,0.7452485,2
21.342356,-0.0025035378,1
5.0100718,-10.12267,2
1.4612635,12.600179,0
-13.908713,16.912033,0
8.100408,1.7164129,0
9.63046,7.402031,2
23.716553,9.626383,2
-1.6429453,-12.540523,1
20.776808,-8.130158,1
-0.24899602,16.08022,2
23.860325,2.4459507,0
-3.5816536,20.296,0
12.233295,19.34475,0
2.7320287,19.593466,0
9.822346,13.609043,2
19.615553,9.667948,1
-11.714229,2.2134068,1
-4.7541356,-3.169441,1
3.9629524,-0.5300621,2
16.59502,8.981548,2
-4.6721644,13.897508,0
2.0857065,-4.8680634,0
6.0717473,14.646113,2
22.497744,7.89232,1
-11.756529,-3.7878308,1
7.542278,-14.374077,1
5.2909017,-6.4520793,1
2.9862351,-7.7991676,1
8.468235,-2.9045076,2
20.93953,6.264806,2
-15.008794,-3.449821,1
1.9940853,-2.0267067,1
4.841924,-5.0670037,1
-1.6508629,-0.7885038,1
11.43931,-0.26517093,2
15.662614,-2.154976,2
-8.271792,11.574386,0
11.453236,17.443121,0
8.233388,7.325092,2
23.200842,8.895721,2
-10.141389,-3.7931323,1
13.420677,0.1776768,2
18.157179,3.70622,2
5.001413,2.0022614,2
0.59982693,12.371929,0
-5.118491,-9.247588,1
11.398794,-1.6231277,1
11.638912,-9.81681,2
22.25971,-2.994525,2
-1.7414073,-8.232773,1
11.017475,-12.815448,1
3.2253394,0.5094763,2
16.058323,8.441192,2
-11.26372,-7.8814387,1
10.964328,-3.1684196,1
16.428043,-13.011148,2
23.254704,1.4157351,0
-7.694412,-10.475571,1
13.426862,-14.413884,1
3.9546764,-0.57712436,2
15.436936,6.1606035,2
-11.100558,5.020006,0
0.62427163,-11.397281,2
3.6520317,12.733826,0
-1.0688093,15.313514,0
-0.7069777,22.645868,0
4.770651,15.07334,2
19.60485,11.394172,2
20.458105,4.003538,2
-10.158744,6.9683824,0
-8.470269,15.301373,0
8.478816,-0.5109186,0
4.174431,17.351374,0
8.634941,-5.4714336,1
5.5427084,2.6712425,2
-1.633297,10.969459,1
-8.289378,10.9807415,0
7.129865,23.33193,0
4.636439,15.159471,2
19.640593,11.507566,2
-5.559096,16.608128,0
11.098992,2.1008525,0
2.7667716,17.178661,0
9.094073,14.569921,0
7.1834025,3.9335754,2
-2.6292086,5.7308764,0
-2.3647203,-4.435861,1
4.1552067,5.323698,1
10.315563,-7.5388217,1
-0.94952285,-0.9479424,1
11.589028,-0.41943967,0
5.822069,2.4604578,2
3.5892928,12.922504,1
-3.932233,20.684282,0
5.550589,21.000776,0
16.258665,0.7691663,0
3.3289177,10.4668665,2
1.5827993,15.015367,2
-8.0377035,-5.4473886,1
4.5181828,7.272638,1
4.06537,-2.6124194,1
1.5338459,-8.780178,2
17.222605,-8.469391,2
-1.0979277,15.3435955,0
-0.6538452,22.596132,0
8.487987,6.9898257,2
19.648834,14.209891,0
-8.269279,-8.130625,1
2.9820123,-13.401953,1
3.8327894,0.6439906,2
16.57306,8.947019,0
-6.7130394,-3.6072328,0
11.222861,15.833296,2
-2.0755563,8.167268,0
-13.490634,16.474997,0
13.490601,19.714832,0
3.420699,15.491348,2
19.774708,11.655989,2
-4.820945,2.8836226,1
5.979725,-15.992591,1
6.2868714,-6.5965924,1
-2.064721,-1.8515185,1
11.345839,4.1502595,2
16.314653,-2.2022219,2
-5.4465666,16.633007,0
9.729158,19.305647,0
1.5423437,20.32251,0
3.213156,8.949323,0
19.805439,-1.7327625,2
13.396626,15.586708,2
-6.8359237,-9.400054,1
9.37691,4.0658917,1
6.3650937,-5.7641063,1
2.9267523,-8.3173485,1
3.4673991,-7.1915,1
2.1964588,-0.0490549,2
13.2999525,9.762993,0
-4.821741,2.8817203,1
6.030063,-15.940853,1
6.2915854,-6.59037,1
-2.0060847,-1.8396676,1
8.439227,-3.2541304,2
20.787086,6.118915,2
-4.664985,13.921869,0
2.0788558,-4.872733,0
5.9320602,14.700878,2
19.309961,11.200639,2
-7.9976854,18.158722,0
8.303341,19.928812,0
15.955099,1.2447023,0
8.839721,17.329659,0
13.060556,7.9183083,2
14.181086,11.486752,0
-10.367914,0.2450299,2
-0.3440866,11.279915,1
-2.665398,-15.857564,1
11.433519,-2.8788545,1
13.021141,-10.277627,2
21.7949,-3.343813,2
-5.073777,-5.7191586,1
7.8372817,-11.00915,1
4.9193068,-3.2296925,1
-0.1374461,0.9569982,2
21.373543,-0.20899324,1
-4.388363,3.9567666,0
8.429582,-0.65937245,0
6.504941,14.510712,0
9.783074,11.791414,2
20.167034,9.10782,1
-1.7811403,-8.215414,1
11.079581,-12.753902,1
3.2610514,0.45121706,2
16.123514,8.502967,2
-1.3298601,-13.005581,1
20.448647,-7.800033,2
18.61559,3.2357662,2
-2.415451,-4.476383,1
4.1099796,5.2455554,1
10.327403,-7.5129566,1
1.841481,2.7047653,2
17.462458,11.854618,1
-10.098728,14.986213,0
10.073196,-0.63194054,0
4.8567514,18.200768,0
10.650706,13.155941,2
23.483566,13.693474,0
-10.964759,-14.092906,1
16.799887,-5.642972,1
3.9845283,-1.8856894,1
1.9909374,-9.250935,2
-1.7429435,12.686673,1
-19.583216,7.842898,0
16.35422,18.000494,0
-1.7372655,17.775898,0
6.1397686,12.104166,0
8.095523,5.2186937,2
-1.6105127,4.997907,0
-15.014993,-3.457403,1
-0.31152275,-17.60258,1
11.338831,-6.9452724,1
1.7070525,3.3700626,1
2.2037113,-0.47957954,2
12.13279,10.443168,0
4.4060125,2.6876407,2
-0.3736031,12.802306,0
-1.6122931,-12.586683,1
20.669628,-8.025537,1
17.034262,-11.445145,2
23.85952,2.4325905,0
-7.2120957,-6.03353,1
4.243214,7.0057945,1
4.6180553,-3.0304136,1
1.7467221,-8.73362,2
-1.7249194,12.687398,1
-4.336688,3.9086642,0
8.474806,-0.6157735,0
4.15499,17.337254,0
9.797528,11.806591,2
20.19553,9.076327,0
-8.648924,15.373138,0
9.089722,-0.24121198,0
4.2009706,17.418964,0
9.846707,11.845859,2
19.918982,9.357686,0
-4.9587812,-5.693651,1
7.15206,-9.792041,1
5.22192,-3.36442,1
2.2258728,-8.13563,2
16.938597,-8.211644,1
-10.770892,8.992788,0
20.68676,18.686934,0
-1.4849318,17.653326,0
6.145855,12.11285,0
8.130364,5.0803123,2
-1.7491825,5.0938897,0
-5.942021,18.716604,0
1.5175833,-4.501204,0
5.5454473,14.785939,2
22.573952,7.9818273,2
-14.98894,-3.429232,1
-0.22542122,-17.53506,1
4.725808,-5.3248463,1
2.53365,-7.8613005,1
7.7226377,-3.1284156,2
19.647184,6.235564,2
-6.253005,-1.9651368,1
13.406926,-14.433466,1
12.498109,-10.08876,2
15.390154,6.120264,2
-7.8370967,3.5950625,0
6.53801,0.89755934,2
-2.069599,7.369889,2
-8.094591,9.0649395,2
-9.205146,12.9674635,0
-5.440817,0.11148928,1
0.021296492,-8.563674,1
11.869399,-9.952029,2
22.109688,-3.0311732,1
-5.0950894,13.397527,0
2.8356106,-4.802964,0
17.761501,1.0454464,0
12.598125,3.4645228,2
-0.008020296,17.792896,0
5.038146,2.2010288,2
0.6203926,12.350132,0
0.58678025,18.921204,0
5.359221,21.685768,0
4.0194573,19.161104,0
2.7931721,9.679354,2
23.284348,13.94118,0
-1.6436671,-12.540644,1
20.779665,-8.133105,1
-0.23446581,16.077026,2
23.828144,2.4045067,0
-12.406532,7.296575,1
0.20485349,-13.721508,1
5.2544284,-5.9279103,1
2.894861,-7.7524734,1
7.983173,-2.4302878,2
15.708471,-4.185217,1
-5.617011,-0.08365383,1
19.472536,-12.353859,1
11.808077,-9.919578,2
15.090917,5.855735,2
-7.9961014,18.162796,0
8.278937,19.921778,0
15.9584,1.2311051,0
3.4588597,10.280857,0
13.130415,7.9473352,2
14.118702,11.493596,0
-5.076612,8.281874,0
19.85576,17.82059,0
14.66758,3.1496012,0
3.2143688,8.886708,0
18.987267,-2.6562748,0
5.809321,2.839338,2
-1.4789644,0.956962,1
13.129455,-1.0470588,0
12.985365,-1.1182152,2
-0.63612974,11.708961,2
-8.026049,-5.4542556,1
4.5468473,7.3452215,1
4.0119395,-2.659638,1
-0.79786724,0.30331653,2
17.244835,-8.511813,2
-4.6880565,13.893578,0
1.9907142,-4.874197,0
8.842624,8.34447,2
19.583324,14.256792,0
-19.54943,7.813273,0
16.243149,18.104712,0
-1.7623878,17.791365,0
6.1359715,12.109009,0
8.138385,5.264367,2
13.491738,15.654891,2
-9.293069,15.510718,0
9.673768,-0.3224054,0
4.72141,17.959873,0
11.025848,13.338396,2
19.781395,9.493826,0
-11.6825075,2.246708,1
-4.7912354,-3.1968577,1
13.0126095,-10.264344,2
21.840513,-3.2083054,2
-6.7946305,3.0219934,0
6.502345,-0.016346086,2
-2.3071814,11.949429,1
-5.7001343,6.5213227,2
-8.396911,7.8103867,0
-2.7794747,-7.9382057,1
18.268496,-10.8380375,1
3.64557,0.7388165,2
23.631172,1.9768193,0
-2.6507545,-15.851268,1
11.424867,-2.8568912,1
3.7632074,0.006150558,2
15.345925,6.0363293,0
-5.2727284,8.458623,0
19.805593,17.770742,0
1.0762911,21.11907,0
8.518975,14.308132,0
19.15372,-2.4368324,2
14.591544,12.368557,0
-1.4751413,-10.016422,1
19.861938,-9.5021715,1
3.6294894,0.7245458,2
23.61409,1.9492229,0
-8.2173395,-8.178524,1
2.9998074,-13.384964,1
16.491812,-12.7707405,2
21.790182,-3.7603333,1
-7.726216,-10.49458,1
13.426397,-14.413637,1
12.75129,-10.165732,2
15.495258,6.2096434,0
-13.959936,16.96481,0
7.3818483,1.2653267,0
9.504192,7.4628544,2
-1.3408937,9.628142,2
-13.812627,10.79496,2
-9.681699,7.396453,0
1.8501678,7.8572197,0
7.9874387,0.2989305,0
8.802245,8.229924,2
-1.3154746,9.616514,1
-7.422568,0.9173076,2
-5.279695,5.221204,0
-8.49641,3.7725418,0
0.6805403,-11.4579735,2
-2.6511638,7.1734815,1
4.32473,2.8161986,2
-0.34315962,12.769904,0
-13.470677,16.455288,0
13.492988,19.71212,0
3.3869784,15.454426,2
19.711163,11.765648,2
-12.166599,-3.1137679,1
5.743533,6.4038706,1
10.452973,-4.8332357,1
-1.7038121,-1.6320726,1
5.295159,0.4539524,2
16.154184,-3.0771265,2
-13.061334,-1.2622237,1
7.609475,-14.428152,1
12.755404,-6.695123,1
1.7522479,4.290246,1
2.2627325,-0.6060711,2
12.063177,10.499696,0
-2.3364806,-4.402494,1
4.588082,6.05054,1
10.614637,-4.682753,1
-1.0632977,-1.083855,1
5.2805147,0.4523216,2
16.14246,-3.062146,2
-4.7071214,-5.601065,1
6.782789,-9.407769,1
9.374834,-8.933465,1
-0.3870582,1.2398556,2
21.417036,-0.2770391,2
5.2268643,-9.945248,2
1.4832236,12.620196,0
-16.11905,5.3265266,0
15.1566515,19.609879,0
15.144053,3.768979,0
4.3923125,9.545085,0
18.452618,-3.342418,2
13.758085,15.930881,1
-5.07396,-5.718999,1
7.8852205,-11.067088,1
9.757271,-9.306928,1
2.0618877,2.0391226,2
17.397402,11.787236,1
-3.9619615,20.718718,0
10.370936,1.6144531,0
3.4084318,16.892672,0
3.2133622,9.658894,2
23.183912,13.813351,0
-5.9831653,2.6398346,0
6.5218616,-0.06258808,2
-3.2352388,7.859749,0
-10.172552,14.910552,0
10.001861,-0.5534334,0
4.7511587,18.409842,0
9.040451,-6.1390643,2
23.482878,13.630436,0
-9.275117,15.514698,0
9.677105,-0.34567168,0
4.627443,17.877546,0
10.98364,13.318321,2
19.783293,9.4990015,0
-3.2531867,-5.168471,1
0.36392856,-4.870946,1
5.8631,-3.7835453,1
2.2523391,-8.087231,1
3.5393786,-7.2109327,2
19.966776,5.980702,2
-13.54348,5.248325,0
12.505965,21.811037,0
1.4661853,20.40626,0
3.3378973,8.613167,0
19.587463,-1.9553139,2
13.278457,15.473913,1
-4.4843917,-1.6676085,1
0.17199081,-13.749495,1
11.844003,-6.83694,1
1.7025431,3.7915113,1
2.2497633,-0.5115975,2
12.108637,10.460434,0
-6.232174,18.934591,0
1.1948031,-3.9888384,0
5.1952205,14.869522,2
19.400055,11.159344,0
-13.786322,4.934834,0
12.129008,21.555124,0
1.3281586,20.60656,0
8.686979,14.778023,0
7.6034765,4.8130045,2
-2.0950062,5.310302,0
-3.6226354,1.7552024,1
9.516229,3.9375849,1
6.5311313,-5.4582596,1
16.21921,-10.066587,1
8.330848,-3.7161224,1
5.310036,4.680374,2
13.33929,9.745515,1
-1.7203656,-8.238298,1
11.020781,-12.811038,1
17.034424,-11.659053,2
23.793016,2.3323882,0
-5.9615,2.6691484,0
6.475278,-0.06524519,2
-3.20626,7.8300424,0
-19.569046,7.8191333,0
16.28401,18.062105,0
-1.6482822,17.804127,0
5.4016786,9.951043,0
11.818891,7.5538025,2
16.434383,14.966266,2
-7.812148,9.378616,2
-8.186779,5.7961664,0
-6.6517153,15.010629,0
3.2446873,-4.9733076,0
6.404609,14.579446,2
19.463177,11.3033085,0
-5.0468593,8.254165,0
19.84936,17.814072,0
0.98279667,21.285484,0
8.514065,14.099868,0
7.4157104,4.7783127,2
13.364168,15.536753,2
5.391316,-9.737098,2
1.2798076,12.5575905,0
-12.055485,-3.2504401,1
6.1024094,-15.849236,1
5.594063,-6.739152,1
2.948362,-7.8538556,1
3.5028353,-7.151242,2
20.02697,5.9217186,1
-8.769155,1.9349747,1
4.321696,5.6101604,1
5.3269973,-4.8111153,1
-1.0464118,-0.90127933,1
7.9129252,-3.1679416,2
19.276937,6.260811,2
-12.583944,12.394805,0
1.8725367,-4.799033,0
5.795181,14.751478,2
19.23834,11.141133,2
-4.305722,-5.5418086,1
6.698223,-9.316511,1
5.289351,-3.399607,1
-0.4117509,1.4208076,2
17.027466,-8.2987585,2
-2.0200086,-8.05853,1
11.076387,-12.757308,1
3.137328,0.4610968,2
16.083538,8.465065,2
-15.794186,-1.4149097,1
5.124331,-16.481722,1
14.194915,-6.223557,1
-1.0213999,-2.3070226,1
12.233005,13.378798,2
20.367231,5.8058014,2
20.462389,4.005088,2
8.235855,11.66742,0
-8.258624,-8.13842,1
3.0128815,-13.372294,1
16.53533,-12.647303,2
23.423727,1.64375,2
-11.697903,10.811899,1
11.454406,-1.609705,1
3.9773052,-1.6147004,1
1.9791548,-9.25473,2
17.492584,-8.585659,1
-6.6644106,15.015753,0
3.1006641,-4.857533,0
6.466053,14.551478,2
22.739351,8.238532,2
10.411088,7.5717115,2
5.655257,2.7911427,2
-7.7590623,22.846106,0
4.7486887,21.852278,0
4.138096,19.081894,0
10.190429,12.724191,2
19.714323,9.594162,1
-1.6654994,1.9679788,2
0.6097498,10.961142,0
-2.1569157,-8.0258255,1
12.026577,-2.4001515,1
3.3903158,0.3087945,2
16.224277,8.608161,2
-10.781824,-0.8333867,1
12.986817,-14.835378,1
12.146899,-10.011177,2
22.110106,-2.9872558,1
-4.450782,10.051331,0
6.768268,2.1885333,2
3.6638434,12.73533,1
-13.816035,4.901194,0
12.089027,21.518929,0
14.920598,2.657367,0
3.3935745,8.588085,0
19.402159,-2.1558585,2
13.196881,15.391141,1
-7.466846,0.97714365,2
-8.198582,5.8091497,0
-6.1873894,18.957907,0
1.1669551,-3.9559143,0
8.740734,8.266479,2
19.605145,14.235427,0
5.384536,-9.7458935,2
1.2867635,12.554952,0
4.33799,2.7825294,2
-0.55385256,21.14367,0
-1.3157015,-12.987107,1
20.434557,-7.784782,2
-3.5379374,6.030974,0
-4.4453297,-1.6157544,1
0.20042163,-13.723366,1
11.794578,-6.8737564,1
-1.9718176,-1.21279,1
11.004698,4.792496,2
15.861969,-1.6206348,2
-7.9940352,-5.488503,1
4.4719453,7.241792,1
10.187947,-9.422406,1
2.0284712,2.005211,2
17.418036,11.797393,1
-13.882962,16.885826,0
7.981966,1.6117644,0
3.580798,15.525798,2
23.709003,9.615897,2
4.501624,-10.51735,2
-5.835105,14.463359,0
-15.731197,-1.4744877,1
5.8173404,-16.131838,1
6.3527336,-6.4899282,1
2.9524887,-8.01926,1
3.44896,-7.18311,1
2.5915585,0.69313663,2
13.327438,9.735843,1
-13.087936,0.69646853,2
3.2172027,13.448313,0
-2.2324333,-4.3011603,1
4.2343984,5.5338554,1
5.4615664,-4.7378573,1
-0.8830089,-0.9061447,1
11.618848,-0.44559458,2
15.834749,-2.136487,2
-5.762884,6.5810146,2
-5.759389,11.091285,2
-1.6273575,-8.3374815,1
11.732914,-12.281583,1
17.097282,-11.556548,2
23.805014,2.3749268,0
-8.426359,3.7247272,0
4.002316,24.640234,2
-2.0332897,7.4118156,1
-2.3766203,-4.41705,1
4.1704383,5.341138,1
10.328796,-7.5126777,1
1.7955824,2.8508093,2
17.490324,11.881104,1
-2.5171008,-4.5832014,1
0.32584888,-4.8341484,1
5.882409,-3.810156,1
-0.60998523,-1.0566329,2
21.744616,0.17080541,1
-4.4066124,3.985692,0
8.447495,-0.62458426,0
6.4869905,14.533654,0
8.568301,-5.3704743,2
23.286505,13.3501835,0
-3.599462,20.316628,0
12.282845,19.293072,0
3.1715717,19.462702,0
9.793286,13.633101,2
23.338505,13.955227,0
-5.8455653,8.858116,0
12.0723295,21.503918,0
14.834227,2.8405805,0
3.3960805,8.606055,0
19.183636,-2.4011643,2
13.166626,15.350894,1
-9.81087,-3.5123587,1
13.43804,0.2041896,2
18.206312,3.6546404,2
-2.7689333,-7.9435005,1
18.302788,-10.878361,1
16.906963,-11.851573,2
23.67763,2.085474,0
-4.339544,3.97028,0
8.407591,-0.52647686,0
4.1768947,17.349998,0
9.807948,11.816228,2
20.243979,9.029003,1
-5.7398934,6.5539565,2
-5.734925,11.045663,2
-13.840922,4.8716297,0
12.059461,21.502403,0
14.913682,2.679065,0
9.224894,17.05037,0
10.692596,7.7055893,2
14.587005,12.716961,0
-6.607852,13.04803,0
-0.48836905,24.338232,0
4.584081,18.729134,0
10.453008,13.0167675,2
19.738932,9.528526,0
-4.008641,20.763788,0
5.5535235,21.110952,0
3.3861015,19.39881,0
9.920446,13.492525,2
23.302174,14.021797,0
-6.881455,-9.441984,1
9.344572,4.091368,1
6.478524,-5.716849,1
-1.1541313,-1.9890903,1
0.112624,14.504581,2
20.249216,5.724207,2
-7.752183,9.446715,2
-8.102314,5.7078867,0
-5.7889533,6.6048365,2
-5.7443113,11.057824,2
-10.799274,12.811319,0
-0.6884306,22.638184,0
5.014976,14.952497,2
22.723877,8.227663,2
-5.1132855,-9.25425,1
11.440342,-1.6161599,1
3.994868,-1.5217373,1
-0.6546081,0.42744738,0
5.7507057,2.5500083,2
-1.5596823,11.559074,2
5.355895,-9.773582,2
1.2923819,12.557778,0
-11.946197,-3.399094,1
6.791643,-13.736651,1
13.011068,-6.648281,1
1.7770685,4.801616,1
2.1518607,-0.5516602,2
16.118212,-2.0312712,2
-1.0696945,15.312738,0
-0.6720099,22.65408,0
5.0230427,14.94503,2
19.476458,11.251381,2
-4.435675,3.9927764,0
3.1590254,-4.909209,0
6.507025,14.509001,0
9.796954,11.811898,2
20.143106,9.115281,1
-5.7049046,6.513428,2
-8.394054,7.776634,0
-9.477581,1.4091802,1
1.9967223,-2.029934,1
4.9348,-5.009986,1
-1.6509345,-0.77433425,1
11.437134,-0.23551096,2
15.726382,-2.1923652,2
-6.337016,-1.9168023,1
11.502963,-2.3138108,1
18.108725,-6.3091993,2
22.100843,-3.1219788,1
0.3653235,6.161911,2
0.4644028,7.488577,0
-5.7517977,20.199286,0
9.147178,19.780489,0
15.568042,1.6494217,0
8.823483,17.34774,0
12.607699,7.740588,2
14.09354,11.670347,1
-9.810612,-3.5131524,1
13.52262,0.3119028,2
18.215359,3.6484482,2
-2.662684,-15.843638,1
11.41929,-2.890806,1
13.028412,-10.2844305,2
21.801403,-3.3453872,2
-11.68693,2.2049215,1
19.404856,-5.291969,1
3.9651625,-0.52466047,2
16.561909,8.95932,2
-0.121309735,-9.897682,1
8.017548,9.980866,2
-2.0688872,10.529352,0
5.0119195,-10.126568,2
1.4311168,12.570991,0
-8.273165,11.566549,0
11.447837,17.445202,0
8.208481,7.253752,2
23.18602,8.869863,2
-3.0675108,3.6629362,1
20.396301,-7.7489715,2
-3.5154674,6.06994,0
-6.1086645,18.845943,0
1.4225816,-4.383586,0
5.407027,14.8107605,2
19.207563,11.076772,2
4.461372,2.6643648,2
-0.34441626,12.700062,0
-3.62193,1.7657741,1
9.592026,3.938882,1
14.788746,-6.0610995,1
2.3765676,4.7439284,1
1.4822226,0.092448495,2
12.336821,10.25949,0
-15.018108,-3.4579473,1
5.1291275,6.0725083,1
10.628733,-4.6543036,1
1.7352173,3.4171343,1
2.1741529,0.49031547,2
12.621626,10.070221,0
-16.955385,12.200388,0
-0.4943294,24.364983,0
17.155594,0.16774742,0
12.617668,3.435818,2
1.5560957,15.041036,2
-12.145784,7.6078687,1
9.121348,5.7853155,1
12.11551,-6.792029,1
-2.328514,-1.345867,1
7.974525,-2.4437582,2
15.739339,-4.149806,1
-13.865555,4.8481736,0
12.054539,21.489885,0
1.1582974,20.941944,0
8.559201,14.470236,0
7.4390016,4.830727,2
-2.104499,5.3007073,0
-13.792982,10.813763,2
-10.132763,6.994828,0
-9.206633,15.476278,0
9.246943,-0.23552804,0
17.396086,0.6860315,0
12.667583,3.399764,2
1.5286438,15.061428,2
4.4334717,2.760324,2
-5.291715,5.217266,0
-3.070289,23.258139,0
7.301447,7.3286343,2
-2.34723,11.9932575,2
-1.7182245,-8.258637,1
11.756439,-12.24718,1
17.109192,-11.578421,2
22.299887,-4.2622995,1
-3.5736198,1.8048435,1
9.440472,4.002222,1
6.50237,-5.527479,1
-1.155744,-1.8779976,1
8.383171,-3.7536812,1
5.306675,4.6737065,2
13.335154,9.738121,1
-15.942973,5.124694,0
14.948815,19.29311,0
-2.3326895,16.569984,0
7.6085386,13.2107725,0
13.786381,-3.3327065,2
-1.451748,4.849657,0
5.201669,-9.97691,2
1.4681036,12.611669,0
-11.785507,-3.7274601,1
6.879787,-13.823999,1
5.421823,-6.641777,1
-2.4428766,-1.6078204,1
8.462961,-2.9290912,2
20.919086,6.2373476,2
-8.090102,-8.291093,1
15.298159,-9.345777,1
3.912681,0.03627947,2
23.272476,1.4339187,2
4.605567,-10.412863,2
-5.8127003,14.449493,0
-10.833019,12.776171,0
7.8609304,0.65695494,0
8.629362,7.579469,2
-1.3447455,9.652147,2
-10.37618,-1.8425399,0
16.832285,20.7956,0
-2.33,17.647385,0
7.379385,12.411928,0
13.78074,-3.3675246,2
-1.3688841,4.774356,0
-16.059328,5.2752724,0
15.183151,19.639029,0
-2.3568115,16.63322,0
7.6486883,13.168911,0
18.54708,-3.24299,2
14.993549,12.603804,2
-13.498206,5.292658,0
11.1598835,2.0256395,0
15.184491,2.182323,0
3.5720646,9.537037,0
6.822422,3.552007,2
14.504492,11.1367855,0
-12.14167,7.6121197,1
9.148234,5.806123,1
12.133078,-6.7791276,1
-2.5310752,-1.4395998,1
11.06712,4.769461,2
15.927984,-1.6587344,2
-15.037904,-3.4810998,1
-0.31478843,-17.601608,1
11.289331,-6.9805436,1
1.68417,3.356745,1
11.331137,-0.16747895,2
19.682478,6.1980896,2
-7.4132667,3.3688045,0
6.7410345,1.3386136,2
-2.8410149,7.612578,0
-16.025452,8.463086,2
3.339493,13.556474,0
-11.127706,5.046768,0
0.63852555,-11.413028,2
3.6263504,12.711086,0
-9.99408,3.9068732,0
16.424164,17.93235,0
-1.4747097,17.65687,0
6.135499,12.103553,0
8.085072,5.0625873,2
-1.7623253,5.112701,0
-3.009194,14.546046,0
10.514435,1.7173382,0
16.207226,1.0961983,0
3.5196981,9.570131,0
6.826061,3.5494819,2
14.454842,11.1701765,0
-9.762054,20.960743,0
-4.306419,11.519305,0
3.9820826,15.4785,2
19.320774,11.80015,2
-8.000394,-5.4760513,1
4.4805207,7.296937,1
4.0717583,-2.6232123,1
-0.79500216,0.551039,2
21.25192,0.45263666,1
-4.7995076,-5.6502156,1
7.135538,-9.77928,1
5.303977,-3.4336207,1
-0.2539859,1.0929404,2
16.920311,-8.205042,2
-6.186709,-5.9763584,1
8.265961,-11.605849,1
9.950373,-9.440712,1
2.075386,2.0329,2
17.374207,11.755593,1
3.546244,-11.5082445,1
-0.2988376,-17.58123,1
4.6388855,-5.3544683,1
-1.7796954,-0.7491594,1
11.349192,-0.16170542,2
15.626129,-2.1560018,2
-2.9199321,-11.670708,1
12.588796,-2.1514149,2
18.664942,3.1799963,2
-10.939111,0.31713495,2
-0.32699433,11.238494,1
-5.4356856,16.628042,0
9.726554,19.30989,0
15.368119,1.8866339,0
3.174548,9.018688,0
19.73897,-1.7996157,2
13.347136,15.537831,1
-4.5510554,-1.645654,1
0.42676532,-17.143784,1
11.588261,-6.891334,1
1.6914333,3.72497,1
10.988391,4.796555,2
20.132359,6.5059805,2
-4.8267446,2.8807445,1
5.959333,-16.008558,1
13.516855,-6.519109,1
1.8793439,4.962903,1
2.0073736,-0.26885217,2
12.107148,10.4583845,0
-3.0525284,3.6570854,1
10.941477,5.380952,2
-1.9132644,10.679917,0
-6.2986016,-1.8857031,1
13.196719,-14.634215,1
12.482385,-10.102145,2
15.373283,6.1027226,2
-11.711233,2.2186415,1
-4.7123504,-3.2030213,1
3.95625,-0.48940426,2
15.553083,6.262051,0
-5.7472477,20.207983,0
11.032489,2.0844865,0
15.481602,1.7736224,0
3.632271,9.525852,0
6.828701,3.5689864,2
13.571147,15.762229,0
-3.659404,1.7154597,1
9.501409,3.9743707,1
6.501571,-5.468602,1
-1.1242023,-1.9266374,1
0.110874414,14.501772,2
16.983515,-2.0315373,2
-4.9589977,13.555442,0
2.8640862,-4.7942076,0
17.766298,1.0516579,0
8.529978,-5.3312683,2
1.4824563,15.099389,0
4.9770017,2.078161,2
0.56036335,12.373343,0
-10.379841,0.28199005,2
0.2245389,11.072395,0
-5.615131,16.642462,0
9.475345,19.543028,0
1.599033,20.268446,0
3.2199094,9.092604,0
19.895811,-1.7479113,2
13.399086,15.5899,1
4.997025,-10.128256,2
-3.7455313,-3.3416352,1
-16.948242,12.194739,0
-0.4269256,24.346407,0
17.182907,0.20241183,0
9.191374,-6.2908597,1
5.7393694,2.8341172,2
10.8720665,19.3636,1
-13.925785,16.927725,0
8.0100765,1.6334326,0
3.6326213,15.55548,2
19.413654,11.813259,2
-1.6694361,1.5979834,1
13.115852,-0.9734515,2
-3.5890598,6.0799623,0
5.4369793,-9.640179,2
0.9248647,12.467227,0
-3.6049733,-9.3705,1
2.8939023,-13.4894,1
16.69661,-12.187407,2
22.068445,-3.9455054,1
-1.6534612,1.2314289,1
12.961556,-1.530062,2
-3.7895706,6.2007723,1
-7.9957695,18.163248,0
8.326451,19.949238,0
16.01553,1.1923362,0
3.4105413,10.3876,0
13.073835,7.9009433,2
14.146539,11.525362,0
-11.110778,5.028938,0
0.6482062,-11.423755,2
-2.5238092,12.157654,0
-4.6788845,13.884266,0
2.5521598,-4.827214,0
6.0953074,14.647833,2
22.558193,7.984702,1
4.5940213,-10.435342,2
-5.829689,14.465113,0
-5.833976,-5.9474893,1
7.947468,-11.157308,1
4.7925735,-3.161636,1
-0.1999101,0.7743787,2
16.969234,-8.2295475,1
-1.6010524,1.2425421,1
13.249979,-1.0054476,2
-1.9000317,10.714659,0
-3.6073434,1.775185,1
9.56206,3.9123416,1
6.52027,-5.4753385,1
16.24017,-10.086642,1
8.284276,-3.7109146,1
5.307438,4.6841207,2
-9.550607,7.4908953,1
-12.138131,7.617812,1
9.106967,5.844485,1
5.2538958,-6.2768784,1
-2.5165071,-1.4291444,1
7.9502854,-2.4307785,2
20.794691,6.3583436,2
-13.638662,16.627855,0
8.090549,1.7132019,0
3.3800082,15.455913,2
19.616638,11.86487,2
-7.4648204,0.9747516,2
-8.167678,5.775065,0
-3.8251133,20.559418,0
5.471738,20.960735,0
3.3244991,19.431564,0
9.859891,13.572338,2
19.706312,9.574635,1
-2.8833008,-11.705872,1
12.563802,-2.1776807,2
18.618172,3.2268925,0
-6.0028625,18.771793,0
1.3694222,-4.3336506,0
8.768811,8.29098,2
19.619085,14.1909685,0
-6.266323,-1.9078801,1
13.159602,-14.672062,1
12.462333,-10.069084,2
15.384649,6.1121993,2
5.4513493,-9.559217,2
0.68003136,12.378683,0
-2.9211407,-11.671475,1
12.6013,-2.1374707,2
-3.770816,6.169866,0
-8.035174,-5.444018,1
4.5736666,7.3537507,1
10.194307,-9.408382,1
-0.8428262,0.28352976,2
21.25881,0.4251774,1
-14.920086,-3.3591065,1
-0.19180286,-17.503162,1
11.2947035,-6.96585,1
-1.7748026,-0.7347659,1
7.7443953,-3.1429362,2
19.75718,6.2221036,2
-8.389571,-5.122985,1
4.7380037,7.669244,1
10.53362,-9.381029,1
2.0679069,1.9622128,2
21.214779,0.46993297,1
-5.7721424,6.581624,2
-9.207962,12.964111,0
-7.6710534,13.5074215,0
7.913643,-18.264532,0
4.1030536,15.388155,2
19.383316,11.764798,2
-13.510954,5.274123,0
12.477993,21.790777,0
15.024941,2.4059787,0
9.188914,17.082462,0
10.626993,7.6632724,2
16.48773,14.914997,0
-4.5379086,-1.6484324,1
0.37801233,-17.177715,1
5.2705593,-5.6253886,1
-1.9126475,-1.1963322,1
10.968577,4.7855725,2
15.865181,-1.6154569,2
-2.2860124,-4.355412,1
4.1966424,5.3797245,1
10.426378,-7.4497447,1
1.8097326,2.7956805,2
17.438395,11.826178,1
-5.6099005,16.655928,0
9.435303,19.572073,0
15.506709,1.7090558,0
3.2263572,9.135634,0
19.884817,-1.6391009,2
13.395375,15.58065,2
-10.162326,-3.8120985,1
13.3927765,0.1917327,2
-2.050943,10.582779,0
-16.050716,5.195998,0
14.821123,19.143318,0
-2.3873034,16.592491,0
7.6540236,13.18387,0
18.59775,-3.1902905,2
13.695201,15.868792,1
5.1914134,-9.976689,2
1.4754703,12.61249,0
4.3926587,2.79488,2
-0.34049523,12.776102,0
-10.145648,-3.798442,1
13.394848,0.07822805,2
-1.2919985,11.403604,0
-5.6032915,16.602678,0
9.729227,19.299469,0
15.400344,1.8443007,0
3.2041326,8.960407,0
19.838875,-1.6950674,2
13.3198,15.508906,2
-10.752278,8.991785,0
20.633062,18.633371,0
-1.4954531,17.676388,0
6.1418467,12.117492,0
8.113849,5.064172,2
-1.6838549,5.0414,0
-0.48650572,-6.7289696,1
15.359601,-7.535576,2
18.495369,3.3558874,2
-10.823797,12.778495,0
-0.6330221,22.579655,0
5.020266,14.954399,2
22.807842,8.3123,2
-14.930281,-3.3686132,1
-0.15646327,-17.474594,1
11.392943,-6.9286876,1
-1.7308903,-0.7594466,1
11.343349,-0.14975898,2
15.551238,-2.1154203,2
-5.721496,6.539093,2
-5.729559,11.057841,2
-9.973608,3.9339514,0
11.317412,2.3428462,0
14.728694,3.217832,0
9.559201,16.75654,0
11.211711,7.679565,0
6.657549,3.5994952,0
-0.8412792,0.28401414,2
0.62824607,10.963514,1
5.4593663,-9.640959,2
1.1087409,12.503405,0
-1.6674379,-12.505668,1
20.766418,-8.123006,1
-0.25450858,16.078764,2
23.842817,2.415627,0
-5.705967,-0.18688896,1
19.482117,-12.345572,1
11.747398,-9.889076,2
22.240154,-2.9246106,2
-3.0712938,23.290163,0
7.2616835,7.257544,2
-2.3751178,12.027666,2
-0.95870626,-6.413302,1
8.024798,9.966333,2
18.449234,3.4028046,2
-1.6487038,2.017828,2
0.54613656,10.80022,0
-16.948044,12.194431,0
-0.43148968,24.301558,0
4.5062513,18.79,0
10.32835,12.877294,2
19.725634,9.60333,0
-10.172748,14.909592,0
10.1107025,-0.6573518,0
4.7802935,18.379015,0
9.03052,-6.1238675,2
23.474335,13.577955,0
-7.3653193,3.3425438,0
6.503865,0.77661115,2
-2.9768276,7.574463,0
-7.208779,-6.0228186,1
4.2061815,7.0292444,1
10.030918,-9.4370365,1
-0.5781671,0.6116461,2
17.15766,-8.381175,1
-8.072893,-8.307925,1
15.299507,-9.349645,1
3.8593235,0.02176185,2
23.260334,1.4116957,0
-4.4464407,10.059026,0
6.7823663,2.226918,2
-2.3234115,11.992108,2
-4.097749,-0.23735873,2
3.4368577,13.974397,0
-4.9964557,16.68864,0
11.614138,1.7926571,0
15.156258,2.1647933,0
3.2839894,8.716406,0
12.395784,7.7468886,2
14.278624,11.902336,0
-11.228908,-7.917419,1
11.399198,-2.9220192,1
16.51272,-13.01347,2
21.6566,-3.494671,1
-10.822045,12.780199,0
0.88415134,-3.551525,0
8.514947,7.0140033,2
19.6352,14.218029,0
-2.6278641,-7.9650126,1
11.145573,-12.687506,1
3.4482195,0.50763893,2
16.18939,8.571851,2
-9.219822,15.492363,0
9.617156,0.8220384,0
17.318708,0.8574149,0
12.303788,3.7462173,2
6.565222,5.3620143,0
-6.9078097,-9.461494,1
26.13482,4.0180173,1
14.542437,-6.0988336,1
2.3701487,4.957945,1
0.106138475,14.5034,2
20.13357,5.8537965,2
-2.9239237,-11.66876,1
12.582259,-2.1628613,2
18.690323,3.1551163,2
-13.861335,10.740926,2
-10.1536455,6.972878,0
-4.6810927,13.8989105,0
8.001662,0.267254,0
3.56559,16.481907,2
19.295279,11.408697,1
-5.047587,8.259122,0
19.843445,17.808569,0
0.99431247,21.254858,0
8.52987,14.122382,0
7.4396076,4.825132,2
-2.2403636,5.4135733,0
-10.960596,-14.09411,1
16.77547,-5.607424,1
10.899711,-9.402384,2
22.330984,-3.3533971,2
-10.7719965,9.003095,0
20.646364,18.64512,0
-1.4191711,17.610716,0
6.1736107,12.150669,0
18.894728,-2.7684283,2
13.446864,15.611399,1
-4.406984,3.9661741,0
3.1916354,-4.915999,0
17.715889,0.97226274,0
8.570912,-5.3850093,2
1.5089253,15.073893,0
-16.038437,5.2064304,0
14.857183,19.17515,0
-2.3788528,16.633703,0
7.654406,13.204793,0
13.775062,-3.3485754,2
-1.4591448,4.8658195,0
-5.5824,16.628408,0
9.713736,19.311064,0
15.289444,1.9709445,0
3.2132845,8.956451,0
12.352853,7.6742883,2
16.352324,15.051967,0
-11.69868,10.812822,1
11.572394,-1.5885155,1
3.9765947,-1.6208757,1
-0.6687539,0.41492653,2
21.19518,0.3056306,1
-10.782985,9.015983,0
20.676125,18.676043,0
14.618316,3.2481713,0
9.515407,16.794367,0
10.836902,7.6749,0
7.633187,4.2093043,1
13.1449995,-1.0728412,2
-0.34484965,11.402755,0
-16.071846,5.282444,0
15.155738,19.603302,0
-2.3742194,16.659552,0
4.3591185,9.590846,0
11.495278,7.718545,2
14.95182,12.641049,2
-9.664186,15.349265,0
9.914442,-0.5117648,0
4.784452,18.09469,0
10.862232,13.262064,1
5.4558153,2.5687826,2
-0.31327328,12.406077,0
-1.3375336,-12.988792,1
20.482214,-7.8396225,1
17.056358,-11.495994,2
22.264835,-4.2268367,1
-10.779337,-0.8382731,1
13.147137,-14.683196,1
3.933239,-0.8113556,2
15.239517,5.9832954,2
-6.263179,10.230387,0
6.96808,2.3619452,2
-2.5142772,8.416925,0
-6.9465456,3.1268187,0
6.30007,-0.18331176,2
-3.1511817,7.7722116,0
-8.155049,-5.3332844,1
4.692608,7.580112,1
3.9733667,-2.5454087,1
-0.85808504,0.25904432,2
21.221813,0.45828298,1
-10.932707,0.32737264,2
-0.24686857,11.079529,1
-10.791445,-0.84226745,1
11.434623,-2.2704198,1
18.109425,-6.2829123,2
22.134407,-3.1549683,2
-13.325742,3.0688505,0
8.014653,1.6404059,0
9.728574,7.449237,2
23.64313,9.513729,2
0.39574352,6.2019663,2
0.46225968,7.550369,0
-0.98060876,-6.4018393,1
8.023088,9.957325,2
-1.1952295,11.471439,0
-6.2599926,10.228761,0
6.9494305,2.3635228,2
3.6263177,12.720097,1
-6.194022,18.896372,0
1.1666964,-3.9635112,0
5.3783774,14.824643,2
22.65768,8.109436,2
-11.939155,-3.4029918,1
6.073944,-15.877019,1
5.591487,-6.7293525,1
-2.0661383,-1.7596768,1
11.24922,4.344549,2
16.140854,-2.045053,2
-6.2689257,-1.9292588,1
13.408659,-14.431233,1
12.4932785,-10.090654,2
15.385579,6.114431,2
-9.988617,3.9115016,0
16.44179,17.914925,0
14.604145,3.293148,0
5.4073453,9.95179,0
18.795006,-2.9065893,2
14.625629,12.411896,0
-5.0353646,8.248475,0
19.836838,17.801674,0
1.0013134,21.240444,0
3.281553,8.818625,0
19.008741,-2.6134114,2
13.30931,15.483631,2
-9.751811,10.731278,0
10.482223,23.010363,0
-2.3632147,17.651066,0
7.36404,12.379202,0
13.743521,-3.406798,2
-1.3640096,4.768426,0
-14.91432,-3.3524299,1
-0.18104267,-17.485762,1
11.25304,-6.963913,1
1.6881711,3.4044263,1
2.2184353,-0.53135824,2
12.173589,10.412711,0
-10.783765,-0.83067167,1
13.055108,-14.76914,1
3.9071949,-0.86032706,2
15.275573,6.018323,2
-8.284183,10.980654,0
7.128787,23.330988,0
8.320642,7.188334,2
23.149952,8.823142,2
-3.0634964,23.27533,0
7.2204733,7.233397,2
-2.2732148,8.335016,0
-11.1907835,0.34077242,2
-0.2995499,11.139299,1
-16.948261,12.194378,0
-0.4659794,24.301245,0
17.163706,0.16897029,0
9.224858,-6.3237386,1
5.7093306,2.8022864,2
10.876231,19.364874,1
-4.364354,3.9337103,0
8.526766,-0.6169287,0
6.495724,14.52346,0
8.606508,-5.4266167,2
23.274817,13.382302,0
-13.450757,16.434538,0
13.531969,19.722471,0
9.577149,7.468583,2
23.736862,9.655917,2
-4.8225093,2.8939013,1
5.700527,6.351338,1
10.45983,-4.827631,1
1.9560343,4.8996105,1
5.327391,0.46605662,2
16.15335,-3.0596864,2
-8.27446,11.551916,0
7.797417,0.8083031,0
8.294634,7.5498786,2
19.247213,14.53546,0
-13.906085,10.697994,2
-10.074765,7.053999,0
-2.79411,-7.93598,1
18.27745,-10.843481,1
16.867453,-11.881471,2
22.161428,-4.0707994,1
-6.745439,-3.6482823,0
11.224238,15.827539,2
-2.6945703,7.062449,1
-13.79344,10.812198,2
-9.5994005,7.4766607,0
-7.0889735,-6.039676,1
4.2192883,6.9812064,1
4.6608896,-3.0695522,1
1.7350951,-8.675825,2
-1.7167103,12.70287,1
-15.813477,-1.4188592,1
5.206196,-16.432222,1
13.645054,-6.465951,1
2.2236288,5.253529,1
1.749387,-0.23591506,2
12.200887,10.369301,0
-4.5413256,-1.6438607,1
0.40136877,-17.169685,1
5.2335615,-5.6222534,1
2.830774,-7.7045627,1
7.987584,-2.509731,2
20.154886,6.4885044,2
-11.711323,10.826208,1
11.570499,-1.608045,1
11.055402,-9.464966,2
22.25388,-3.070321,1
-13.154421,0.7620634,2
3.2004104,13.432203,0
-12.019938,-3.2902124,1
6.136496,-15.821357,1
13.230427,-6.6028233,1
1.782254,4.875972,1
2.1090577,-0.41456237,2
12.093864,10.471512,0
-0.1254954,-9.905713,1
8.025967,9.956784,2
18.320074,3.5359304,1
-3.7551458,20.489199,0
5.5282135,20.99812,0
3.3311315,19.413721,0
9.855713,13.567643,2
19.689499,9.5919075,1
-5.1978517,8.403089,0
19.829943,17.795267,0
0.97014606,21.288363,0
8.495906,14.362592,0
19.122387,-2.4746695,2
13.237755,15.415407,1
-9.746131,20.97687,0
-4.310462,11.5176935,0
7.788996,7.6866803,2
23.516268,9.364766,2
-4.485696,-5.5894303,1
6.7614374,-9.376515,1
9.333202,-8.981936,1
1.9643034,2.208158,2
17.399784,11.803433,1
0.39945087,6.2159505,2
0.47681013,7.5094132,0
9.366575,10.203426,0
6.9927363,2.3885005,2
-2.3873372,12.057187,0
-2.89413,-11.697208,1
15.406973,-7.4697356,2
-3.5233467,6.0631795,0
-7.828692,3.578081,0
6.5330296,0.90911466,2
-2.6609588,7.184766,1
-4.438428,-5.585043,1
6.7721057,-9.40026,1
9.436159,-8.976852,1
1.9463941,2.2150288,2
17.400581,11.810912,1
-5.6709065,-0.14799735,1
19.48028,-12.351006,1
3.9951556,-1.394196,1
1.9317828,-9.211319,2
17.411394,-8.558937,1
-11.578647,0.3657779,2
0.3525886,8.088091,0
-3.6026711,-9.367923,1
19.863781,-9.501964,1
16.67241,-12.230807,2
22.077282,-3.9544444,1
-1.764053,1.0799574,1
12.943067,-1.5713784,2
-3.7459102,6.1712875,0
-12.587213,12.394325,0
1.7914908,-4.747217,0
8.814571,8.340356,2
19.576525,14.25773,0
-10.370742,0.24377917,2
0.3529715,10.994279,0
-2.3164506,-4.3845916,1
4.1961355,5.3914638,1
5.4712386,-4.72393,1
2.4162667,-7.960138,1
7.884273,-3.1128182,2
19.299482,6.262678,2
-7.69804,13.536331,0
7.927819,-18.279358,0
8.045801,7.5623903,2
19.169386,14.629821,0
-9.309764,1.5259181,1
2.0155218,-1.9915924,1
4.918511,-5.0306354,1
2.386464,-7.9876876,1
7.786927,-3.173372,2
19.44073,6.2071877,2
-14.375055,6.754226,1
5.808177,6.4483,1
10.492373,-4.7951136,1
-1.3855723,-1.7324946,1
8.136247,-3.4753988,2
19.874506,5.9760766,2
-11.760881,-3.776153,1
6.9729357,-13.907287,1
5.361557,-6.5860057,1
2.9510958,-7.791998,1
8.488227,-2.8670511,2
20.904547,6.2644424,2
-16.038605,8.479084,2
3.4409492,13.938418,0
-15.68413,-1.4823109,1
5.9416423,-16.022758,1
13.476016,-6.547243,1
2.1123283,5.1692715,1
11.341072,4.1996818,2
16.480234,-2.2552128,2
-11.605647,0.31907433,2
0.25249994,8.670321,0
-6.937288,11.205972,0
10.160923,1.4476705,0
16.866545,0.95362896,0
12.308612,3.741038,2
6.5754156,5.3586397,1
-5.458237,0.09345709,1
-0.012845848,-8.527271,1
12.011354,-10.030259,2
22.154133,-2.934326,1
-3.597425,-9.361086,1
2.9979217,-13.388278,1
16.672224,-12.2317915,2
23.516758,1.7831639,2
-5.11508,-9.253676,1
11.436031,-1.6437117,1
11.705131,-9.8615,2
22.266933,-2.9484162,1
-2.8316433,-7.9539065,1
18.270231,-10.838968,1
3.6903577,0.6594449,2
16.375303,8.757969,2
-7.555964,-5.836249,1
4.4048376,7.1850286,1
4.3286443,-2.8155837,1
-0.713971,0.54553056,2
21.334064,0.30852836,1
-10.392207,-1.8471365,0
16.831005,20.795359,0
-2.357124,17.573957,0
7.368451,12.400605,0
13.750668,-3.4040954,2
-1.2963425,4.7084823,0
-16.030605,8.46619,2
3.2873912,13.456674,0
-1.3899393,-12.912029,1
12.474076,-2.1885424,2
18.682241,3.1643946,2
-4.1039624,-0.23711322,2
3.1321063,22.172533,0
-16.000166,5.2047925,0
14.819609,19.143358,0
-2.343781,16.586006,0
4.443631,9.605045,0
18.579018,-3.2042475,2
14.954146,12.631853,2
-1.3334694,-13.004518,1
20.441082,-7.793573,2
18.586168,3.264171,2
-1.0711669,19.137476,0
8.988728,19.89841,0
2.1110668,19.891224,0
9.33262,14.21559,0
7.776449,4.3551373,2
13.415924,15.609493,1
-10.92953,2.5956268,2
-9.596151,7.4571004,0
-8.98689,1.7598269,1
4.2523837,5.4811225,1
5.243159,-4.860044,1
2.498779,-7.88097,1
3.5844293,-7.1743855,2
15.664289,-4.1948237,1
-5.8378634,8.857089,0
12.050193,21.488028,0
14.863015,2.7635055,0
3.4421926,8.66985,0
19.193922,-2.3927226,2
14.526566,12.279404,0
-3.584721,20.296284,0
12.261549,19.353588,0
16.100573,1.0282602,0
3.3778229,10.465943,0
13.149992,7.9606137,2
16.331066,15.072396,2
-4.297548,-5.539743,1
6.6855626,-9.3113785,1
5.3168216,-3.4163485,1
-0.3967635,1.4079665,2
21.583399,-0.3628989,1
-11.225841,-7.920811,1
10.95611,-3.1653578,1
16.476154,-12.976587,2
21.700172,-3.6098127,1
-8.651607,-4.8777566,1
13.488139,1.7179655,1
3.9778426,-2.042386,1
1.434409,-8.795533,2
17.300697,-8.48109,2
-5.7452464,20.20758,0
9.236862,19.733519,0
1.9280853,20.018143,0
9.309175,14.277856,0
19.855064,-1.6634896,2
14.098746,11.719555,1
-13.481247,16.46518,0
13.494047,19.715208,0
3.373887,15.449717,2
19.68533,11.777064,2
3.5516183,-11.501491,1
0.3402967,-17.202522,1
4.8689127,-5.3864274,1
-1.8689288,-1.0373873,1
11.305739,-0.12697804,2
15.663168,-2.117959,0
-12.580027,12.397381,0
1.7807554,-4.74166,0
8.818297,8.334313,2
22.526081,7.9299254,0
-4.9646235,16.709867,0
11.149922,2.1876671,0
2.7010524,17.221687,0
9.00257,14.695765,0
7.20806,3.9608078,2
-2.6354146,5.7402153,0
-1.036161,19.177969,0
8.673382,20.015629,0
15.820784,1.3837577,0
3.4424849,10.250704,0
12.742088,7.787463,2
14.097241,11.529895,0
-6.6550155,15.009116,0
2.9903874,-4.801665,0
17.80617,1.0711364,0
8.556887,-5.347974,2
23.257019,13.324538,0
-7.7221894,-10.510193,1
19.403637,-5.2950926,1
12.7496195,-10.163137,2
15.531238,6.242854,2
-10.120884,14.969419,0
10.04578,-0.5973852,0
17.324917,0.53702354,0
12.769006,3.30215,2
0.023221923,17.813105,2
-5.872749,8.887853,0
12.075731,21.509478,0
1.0606834,21.13335,0
8.496275,14.39001,0
7.4770956,4.8290577,2
-2.16914,5.3549075,0
-5.951073,18.725521,0
1.7295216,-4.701049,0
8.823421,8.372695,2
19.627949,14.210315,0
-4.343161,3.9565594,0
8.451839,-0.6416826,0
4.2012987,17.376808,0
9.833318,11.77295,2
20.183527,9.087957,0
-5.4692063,0.08285993,1
0.033685,-8.579181,1
11.963057,-9.977485,2
15.141591,5.896926,2
-11.739842,2.1869106,1
-4.7388306,-3.163748,1
12.931551,-10.238317,2
21.857733,-3.1662714,2
-4.128169,-0.20833178,2
3.472665,13.98118,0
-10.949169,-14.108441,1
16.805529,-5.6454153,1
3.9916506,-1.9430106,1
-0.6467074,0.451475,0
5.4923124,2.6353714,2
-1.7917497,11.620174,0
-9.795599,-3.4967232,1
13.496514,0.2821261,2
-1.2437617,11.454812,0
4.374365,2.7479248,2
-0.5289785,21.155537,0
-11.742409,-3.8027508,1
6.8873415,-13.828479,1
12.859885,-6.6417646,1
-2.521485,-1.5614662,1
8.458906,-2.8854768,2
15.733845,-4.164544,1
-3.9952602,20.75148,0
5.5493503,21.06845,0
16.196133,0.85244024,0
8.810232,17.355259,0
13.137022,7.941478,2
14.104589,11.786847,1
-2.6912682,-15.817619,1
-4.7110868,-3.1383243,1
3.8527431,-0.07431516,2
16.57828,8.962889,0
-9.8273115,-3.5245547,1
13.413213,0.13949923,2
-2.0790873,10.541156,0
-7.4218855,0.919464,2
-5.2859273,5.2187223,0
-13.902982,16.903814,0
8.112759,1.7361517,0
9.644366,7.4263263,2
18.941236,14.8857765,0
9.357934,10.198695,0
6.7759514,2.2135878,2
-2.6515858,7.187914,0
-16.540024,0.8522793,1
26.726116,3.7988842,1
6.1837554,-5.9068704,1
-1.114489,-2.1553206,1
12.234894,13.374647,2
16.91014,-2.1327937,2
-1.8945134,1.0137458,1
13.310223,-0.35445654,2
18.195,3.6669548,2
-7.741358,9.449761,2
-7.8499913,5.4594893,0
-10.103531,-3.7584555,1
12.901556,-1.6601427,2
-3.7415037,6.1673245,0
-10.307232,0.2382842,2
0.29099938,11.017255,0
-7.9735913,9.193878,2
-7.7971544,5.406683,0
0.5835569,18.9278,0
5.506508,21.19031,0
16.2941,0.7037451,0
8.86588,17.307928,0
13.136033,7.8769665,2
14.109347,11.806876,1
-8.755101,15.480315,0
8.599347,-0.3425415,0
4.14447,17.359201,0
9.828099,11.833446,2
20.07593,9.196283,0
-9.811274,15.245383,0
9.919456,-0.5113503,0
17.35638,0.58827114,0
12.693194,3.3808608,2
1.5501419,15.035459,0
-15.711931,-1.4735419,1
5.8095236,-16.125563,1
13.538018,-6.5159454,1
2.1221616,5.1683974,1
1.9373688,-0.27089944,2
16.580437,-2.2594113,2
-1.0613844,15.328658,0
-0.70348793,22.650328,0
8.500013,7.0112376,2
19.636087,14.217646,0
4.3534207,2.777469,2
-5.3155456,5.2500963,0
-7.7350087,22.821613,0
4.7486687,21.832752,0
17.14566,0.17698114,0
9.205998,-6.296023,1
5.632209,2.7806668,2
10.868249,19.366728,0
-2.4408026,-4.5049057,1
0.31977925,-4.780831,1
10.319746,-7.524175,1
-0.6405922,-1.0309273,2
17.070496,-8.316297,1
-5.1826477,8.387587,0
19.82669,17.791456,0
1.0945916,21.097296,0
8.488996,14.361157,0
7.4989758,4.863412,2
-2.217244,5.3938675,1
-10.002181,3.9288137,0
16.327394,18.027126,0
-1.4521488,17.6483,0
6.1269007,12.101026,0
8.042212,5.02847,2
-1.6779399,5.038767,0
-15.0569,-3.4977221,1
-0.30752897,-17.599863,1
4.664751,-5.3299937,1
2.5897377,-7.859691,1
7.716263,-3.101858,2
19.77674,6.2746606,2
4.93127,-10.179835,2
-3.7347043,-3.3355021,0
-10.1652,-3.812238,1
13.348816,0.19610503,2
18.195396,3.6667104,2
-9.775936,20.946772,0
-4.306868,11.523615,0
7.762545,7.725518,2
19.139929,14.663311,0
-8.555009,-4.967809,1
13.477877,1.714495,1
10.596276,-9.387488,1
2.0810137,1.8707026,0
5.365338,2.7020838,2
-1.4811784,11.428097,1
-5.1223354,-9.2202835,1
11.402621,-1.634465,1
3.9934082,-1.5285784,1
2.006322,-9.226622,2
17.429283,-8.551705,1
-8.1765585,-5.3154855,1
4.7127886,7.591845,1
4.010252,-2.5598118,1
-0.86595845,0.26107562,2
21.208765,0.5084119,1
-8.61759,-4.9077444,1
11.200806,-1.9772317,1
18.115746,-6.3055663,2
22.164467,-3.5566974,1
-7.6896157,3.5146904,0
6.55513,0.9279837,2
-2.9387221,7.564819,0
-14.378813,6.755784,1
26.677511,3.8230753,1
6.1938195,-5.94425,1
2.906995,-8.277517,1
8.40594,-3.5454671,2
20.267605,5.786327,2
-10.173816,14.913085,0
10.056919,-0.5991436,0
4.8142343,18.422873,0
9.038221,-6.1397605,2
1.573243,15.018211,0
-14.371874,6.7511973,1
26.708906,3.7997067,1
14.357309,-6.1450768,1
2.3826244,5.0294795,1
1.6133264,-0.09646182,2
12.209325,10.336046,0
4.5063853,2.6279886,2
-0.34927693,12.77584,0
-11.772801,-3.7374716,1
6.9088206,-13.852325,1
12.979441,-6.65785,1
1.7033291,4.4198275,1
2.1738513,-0.57253003,2
12.133925,10.434719,0
-11.330288,0.35565835,2
0.27060136,8.629923,0
-9.989395,3.9119024,0
16.406721,17.950623,0
14.651662,3.3179343,0
9.52158,16.792732,0
11.901851,7.5017843,2
16.434704,14.96826,2
-14.98731,-3.4424007,1
-0.34584385,-17.631367,1
4.6871967,-5.2556405,1
-1.7862595,-0.77266127,1
11.370389,-0.19708596,2
15.650167,-2.134549,2
-8.113571,-8.269025,1
15.29949,-9.340427,1
16.49122,-12.84646,2
23.2942,1.4592869,2
-5.60827,16.652407,0
9.4587145,19.550207,0
15.529584,1.7003312,0
8.927379,17.267874,0
12.47865,7.713291,2
14.141499,11.738774,2
-6.940847,3.1231198,0
6.3048663,-0.16413124,2
-3.1651542,7.7944236,0
-7.9121733,-2.6471066,0
7.2704573,2.6842985,2
-2.4520657,8.46993,0
-6.022063,2.6149793,0
6.5117702,0.015302501,2
3.6628485,12.780353,1
-2.647082,-15.82978,1
11.367121,-2.9421153,1
3.8538802,-0.03895633,2
16.611485,8.997633,0
-10.726439,8.967038,0
20.66283,18.662828,0
14.624367,3.268476,0
9.5156975,16.778332,0
11.923253,7.513432,2
14.671742,12.419163,2
6.076052,2.1720812,2
8.231688,11.672476,0
-2.0501752,-8.06416,1
11.077229,-12.757062,1
16.976599,-11.752001,2
22.25843,-4.222801,1
-16.948452,12.194557,0
-0.45270774,24.322481,0
17.14501,0.16917396,0
12.64156,3.4176908,2
-0.010329573,17.787804,1
-5.7129817,-5.9168186,1
7.8894973,-11.080782,1
9.903212,-9.400854,1
2.065773,2.0322156,2
17.347519,11.738987,1
-7.7356153,22.821228,0
4.7479677,21.849184,0
4.1551147,19.074986,0
10.206923,12.705529,2
19.740305,9.564354,0
-2.2856956,-4.351037,1
4.2050915,5.3961625,1
5.470397,-4.7272334,1
-0.93652564,-0.9141343,1
11.560836,-0.39465156,0
5.7456794,2.638388,2
-1.4326702,11.376495,2
-8.005834,-5.4710956,1
4.549638,7.281906,1
4.05971,-2.6119685,1
1.4927328,-8.765659,2
17.232561,-8.483937,2
-16.562592,0.84522206,1
26.595589,3.8604465,1
14.285841,-6.179602,1
2.2799928,5.133328,1
12.226133,13.38279,2
16.919813,-2.1372929,2
-2.7671244,-7.944808,1
18.263117,-10.838847,1
16.797369,-11.989027,2
22.143078,-4.025851,1
-7.6623735,13.501762,0
7.7979293,0.79915226,0
8.371813,7.549262,2
-1.3658767,9.709563,2
-3.6198115,1.757437,1
9.527041,3.9443173,1
6.499172,-5.4610295,1
16.240248,-10.083138,1
8.333157,-3.7026412,1
2.6874433,0.5765906,2
13.33817,9.742428,1
-4.9155846,-5.6553745,1
7.170018,-9.823163,1
9.652026,-9.209596,1
2.0494626,2.0015388,2
17.349611,11.834403,1
-11.915285,-3.4293604,1
6.7939897,-13.739647,1
13.118975,-6.632955,1
1.7823181,4.803941,1
11.209811,4.4749103,2
20.94482,6.1892285,2
-10.414218,-1.8817115,0
10.463655,22.991121,0
14.92573,3.487497,0
4.269446,9.50097,0
18.63192,-3.1414452,2
14.930573,12.597285,2
4.6273403,-10.3947525,2
-5.830453,14.460789,0
-4.8202205,-5.651505,1
6.8354626,-9.461283,1
9.471766,-9.026705,1
1.9978287,2.105225,2
21.468637,-0.31095877,1
-5.4783244,0.073361576,1
0.059271954,-8.601851,1
11.86929,-9.95509,2
15.157414,5.9204683,1
-1.4737359,-10.021167,1
19.862436,-9.507515,1
3.7867718,0.69307727,2
23.544514,1.8302935,0
-9.749913,10.733101,0
10.48261,23.00962,0
-2.2801595,17.65061,0
4.351473,9.517428,0
11.70338,7.6226683,2
14.842938,12.564658,2
-9.335439,1.5037335,1
2.0139894,-1.9954171,1
11.176817,-7.0310807,1
-1.4816672,-0.7581541,1
11.452231,-0.24370845,2
19.479445,6.1595387,2
-12.147708,7.6057816,1
9.183102,5.772078,1
12.2334,-6.768879,1
1.7768527,4.1603665,1
11.097209,4.746221,2
15.994959,-1.685645,2
5.461828,-9.642962,2
1.0581923,12.48004,0
-9.732232,-1.55515,0
16.831905,20.795645,0
15.051782,3.6291647,0
4.3226624,9.535628,0
18.62113,-3.172104,2
15.029427,12.695991,2
-8.393581,3.7116716,0
3.972284,24.670143,2
-2.0513706,7.386465,1
-6.7415876,-3.6372097,0
11.214541,15.83645,2
-2.0987825,8.162308,1
-4.5419106,-1.6502813,1
0.41569358,-17.155933,1
5.2554183,-5.633444,1
1.6825501,3.7107682,1
10.996643,4.8123507,2
20.175358,6.503495,2
-3.057513,23.269007,0
7.312961,7.323169,2
-2.3658044,12.030326,2
-9.776738,15.2786,0
9.960358,-0.5390773,0
4.8215094,18.155815,0
10.73262,13.207557,2
23.46171,13.595905,0
4.909526,-10.195281,2
-3.7342486,-3.3515651,0
-7.444435,0.9484842,2
-5.274927,5.214664,0
-11.614035,0.31376815,2
0.35833833,8.062142,0
-1.0309072,19.18603,0
8.585289,20.03016,0
2.6055434,19.649685,0
9.418991,14.117114,0
7.736188,4.330362,2
-2.010616,5.2080107,0
-11.616228,0.31020802,2
0.25599456,8.679507,0
-8.414178,3.720556,0
3.962955,24.679943,2
3.6418872,12.724427,2
4.354241,2.7094884,2
-0.33909738,12.803356,0
-3.6081362,1.7701514,1
5.850957,6.5093594,1
10.421004,-4.866185,1
2.2982545,4.6490374,1
2.1291347,0.5353824,2
12.654926,10.065451,1
-10.80426,12.775308,0
-0.6985991,22.643353,0
8.530034,7.0371356,2
22.774202,8.285565,2
-4.0632305,-0.27252814,2
3.104456,22.147911,0
-16.03014,8.464661,2
3.4324512,13.914988,0
-11.230267,-7.9157724,1
10.969604,-3.1524875,1
16.466082,-12.982427,2
21.71022,-3.6308777,1
-10.16811,-3.8157449,1
13.356627,0.17959264,2
-1.2867721,11.445101,0
-6.911432,-9.466055,1
26.213467,3.9731483,1
14.472717,-6.110947,1
2.4434247,4.9937935,1
1.5908508,-0.079011224,2
12.229769,10.351875,0
-4.542023,-1.6503838,1
0.40674648,-17.166254,1
5.263759,-5.631477,1
-1.9114991,-1.1859778,1
7.9884114,-2.518167,2
20.158625,6.4766364,2
-2.3365934,-4.403882,1
4.136035,5.275364,1
10.2900715,-7.5639467,1
-0.8380499,-0.97944987,2
21.740545,0.19669236,1
-0.98221743,19.239376,0
8.590758,20.042168,0
15.850557,1.352247,0
3.49442,10.159887,0
12.768186,7.7958174,2
14.10294,11.566935,0
-9.056093,15.470978,0
9.187105,-0.22435735,0
17.394676,0.6443288,0
12.732607,3.3396907,2
-0.033686,17.763031,2
-6.1053305,18.83801,0
1.3616606,-4.321838,0
8.760725,8.291241,2
22.593714,8.025683,2
-4.9919868,16.691555,0
11.193682,2.1078541,0
2.7609515,17.151295,0
8.984067,14.724127,0
7.242504,3.9738863,2
13.533871,15.724152,2
-4.1491165,-5.483626,1
6.6955466,-9.325403,1
5.3342557,-3.4058294,1
-0.40135473,1.3872414,2
21.54123,-0.33646977,1
-5.495908,0.05843374,1
13.026375,-14.798138,1
3.9117312,-0.97154486,2
16.488855,8.87308,2
-4.821334,2.8866844,1
5.9299355,-16.03352,1
13.513231,-6.525306,1
-2.089452,-1.8647387,1
11.336381,4.1888633,2
16.376434,-2.2473788,2
-0.49202162,-6.726268,1
15.356727,-7.534208,2
18.47972,3.3729417,2
-8.067818,9.094605,2
-7.800062,5.4115334,0
-5.05557,8.268387,0
19.884275,17.85092,0
14.659721,3.2061899,0
3.2615747,8.811004,0
18.962223,-2.6769493,0
5.7700787,2.667908,0
-1.6440989,1.0930657,1
13.14008,-1.0797724,2
-2.7749867,5.8590593,2
-13.80939,10.797492,2
-9.597478,7.4726014,0
-11.89274,-3.462939,1
6.7294555,-13.676426,1
5.4808264,-6.703227,1
2.9612353,-7.8146014,1
3.4989383,-7.17138,2
20.023125,5.92238,0
-7.334793,-5.961763,1
4.2379975,7.041266,1
4.3638797,-2.8422184,1
1.6832011,-8.72384,2
-1.7506413,12.71785,1
-13.713473,5.0262012,0
12.405291,21.739513,0
14.984772,2.461582,0
3.334814,8.624306,0
19.492128,-2.0607502,2
14.33648,11.955297,2
-5.0809813,13.407583,0
8.220917,-0.08342999,0
17.700855,0.98930925,0
12.376335,3.6766381,2
6.584401,5.3428526,2
-9.692885,15.341663,0
9.7224245,-0.37455875,0
4.7682805,18.034786,0
10.96747,13.314432,2
19.78297,9.49649,0
-6.688697,-3.5883193,0
11.219913,15.831971,2
-2.0998483,8.138259,1
-1.7780582,-8.203856,1
11.01668,-12.815567,1
17.102177,-11.546143,2
23.819906,2.3594918,0
-4.976959,16.70299,0
11.636481,1.77098,0
15.190744,2.1203659,0
3.2850597,8.713859,0
19.625017,-1.9134748,2
13.3022175,15.496601,1
-4.038225,20.796738,0
5.556,21.137436,0
16.271725,0.73462564,0
8.876606,17.300274,0
13.109529,7.910514,2
14.109509,11.789985,1
-3.0577033,23.28255,0
7.3051763,7.319078,2
-2.3876753,12.049843,2
-6.2713776,-1.9136057,1
13.315504,-14.520233,1
3.9491901,-0.5848254,2
15.358052,6.0857935,2
-8.4410715,15.291958,0
8.589815,-0.3292726,0
4.1591444,17.33694,0
9.819869,11.853408,2
20.07702,9.194941,0
4.966714,2.0640016,2
0.65730864,12.38992,0
-5.922802,18.70367,0
1.536228,-4.515648,0
8.77884,8.313237,2
19.636574,14.197557,0
0.60277146,18.939426,0
5.3649397,21.699247,0
16.311073,0.64733046,0
2.7507958,9.648999,2
23.315107,13.970073,0
-9.991062,3.9237165,0
16.328676,18.02681,0
-1.695889,17.719809,0
6.1323633,12.093602,0
8.101302,5.088928,2
13.39544,15.552218,1
-19.5547,7.814244,0
16.351938,18.005096,0
-1.7287818,17.759464,0
6.1227393,12.094169,0
8.123759,5.2417765,2
13.500471,15.662093,2
-10.530644,14.516879,0
9.716936,0.9723674,0
3.495306,16.774576,0
8.828581,-5.8969045,2
6.588516,5.345076,1
-5.752888,-0.2353267,1
19.477413,-12.350623,1
4.007986,-1.4816148,1
-0.64671683,0.44716203,2
21.0779,0.3518456,1
-5.5150905,0.039268516,1
13.04619,-14.779102,1
3.916664,-0.9636415,2
16.556072,8.940353,2
0.33694056,6.1310024,2
0.3765476,7.9697824,0
-0.48555657,-6.733588,1
15.359632,-7.5354743,2
-3.629362,6.0789857,0
-3.6678393,1.7097971,1
9.57466,4.0289607,1
14.751894,-6.066381,1
-1.1824551,-1.839704,1
8.334666,-3.708801,1
5.305137,4.6835704,2
13.321324,9.749059,1
-7.7330327,22.818264,0
4.7516837,21.854504,0
4.158977,19.07865,0
10.261749,12.733583,2
19.704216,9.608403,1
-7.8176208,3.5781078,0
6.724549,1.2777228,2
-2.8273532,7.6715875,0
-1.8936027,1.0243024,1
13.3313675,-0.2678543,2
-1.9405907,10.731356,1
-3.0594378,3.6574655,1
10.937937,5.3909693,2
-3.4814465,6.0608897,0
-16.055168,5.2256646,0
14.812757,19.13092,0
15.261307,3.9282331,0
4.4259386,9.58228,0
18.582434,-3.2109542,2
13.756272,15.933336,1
5.9952483,2.216933,2
8.231543,11.669393,0
-1.7227737,-8.252706,1
11.716135,-12.294363,1
-0.2479643,16.067623,2
16.077381,8.459755,2
-1.656569,2.0196993,2
0.5271801,10.8404045,0
-5.776571,6.5900583,2
-5.7300143,11.06167,2
-3.0107613,14.541548,0
12.239708,19.333918,0
16.007748,1.1696118,0
8.879856,17.29004,0
13.051465,7.895833,2
14.154466,11.544015,1
-9.759375,20.96411,0
-4.3063507,11.526868,0
4.0669184,15.4239,2
19.34475,11.775291,2
-11.553903,0.3644753,2
0.25474045,8.668892,0
-13.066685,-1.225138,1
7.6046424,-14.423083,1
12.7805,-6.6864114,1
1.724796,4.2673793,1
2.142159,-0.47887656,2
12.089106,10.474071,0
-4.1875157,-5.5151305,1
6.725914,-9.352885,1
9.341422,-8.866583,1
-0.41673136,1.3998402,2
21.517395,-0.28068656,1
-1.6569155,-12.520753,1
20.769674,-8.1255,1
17.091785,-11.538466,2
22.273672,-4.24169,1
-7.5695457,-5.8243766,1
4.494177,6.5130897,1
10.681097,-4.6080728,1
2.022232,2.0973113,2
17.365559,11.725822,1
-13.751398,10.855236,2
-10.046125,7.0803647,0
-8.77674,1.9168085,1
4.215843,5.5398703,1
10.362782,-7.515647,1
1.7830307,2.8818371,2
21.713486,0.13340932,1
-1.0646548,19.14656,0
8.674098,20.015934,0
2.107268,19.884995,0
9.32773,14.195252,0
7.779075,4.368954,2
-1.968125,5.1706686,0
-11.036654,0.3200968,2
-0.27439103,11.099538,1
1.8437703,7.856431,0
1.9552261,-4.835935,0
8.850001,8.351276,2
22.453054,7.8469872,1
-1.7878891,-8.210515,1
11.01643,-12.817601,1
17.104319,-11.623032,2
23.788265,2.32661,0
-6.2463803,18.933289,0
0.94068295,-3.6231377,0
8.587873,7.078309,2
22.740236,8.224896,2
-16.561863,0.84290683,1
26.665724,3.8248992,1
6.1300936,-5.9469576,1
-1.134267,-2.1183574,1
12.257121,13.346596,2
20.322538,5.7820606,2
-3.2627041,-5.170673,1
0.36250877,-4.879573,1
5.8369184,-3.7735114,1
2.3133118,-8.007305,1
3.5832536,-7.180789,2
19.973387,5.982518,2
-13.488217,5.3057747,0
12.499389,21.805809,0
15.121339,2.2102535,0
9.134591,17.132704,0
10.644067,7.6688986,2
14.534834,12.784192,0
-6.7422523,-3.638455,0
11.221018,15.829564,2
-2.0105062,8.146987,0
-9.805004,15.271883,0
9.645899,0.8984901,0
3.5130231,16.726503,0
10.564703,13.160274,2
19.994925,9.249947,0
-5.7717686,6.5895925,2
-5.6911707,11.064602,2
-1.7728744,1.1076405,1
13.245501,-0.786047,2
-3.6306894,6.111629,2
-7.311065,-5.983662,1
4.404718,7.1794977,1
4.3296165,-2.8066692,1
1.6851727,-8.685645,2
17.14609,-8.391255,1
-12.580918,12.392492,0
1.8760432,-4.806563,0
5.7937765,14.734151,2
19.216455,11.119901,2
-10.991681,-14.065858,1
16.854044,-5.6967783,1
10.970329,-9.414462,0
10.989045,5.170334,1
13.259016,0.37179062,2
-1.8959016,10.805704,1
-4.299455,-5.5398436,1
6.7004905,-9.32907,1
9.386035,-8.943928,1
1.9530121,2.2116532,2
17.405437,11.812177,1
-2.5160978,-4.5846796,1
0.3682143,-4.814659,1
5.935669,-3.8305264,1
-0.6642125,-1.0521159,2
21.756325,0.17474298,1
-3.5902963,1.784697,1
9.449498,3.9863095,1
14.798876,-6.048071,1
2.4022808,4.7346206,1
1.4676911,0.07202431,2
12.261982,10.322038,0
-4.8776693,13.652565,0
2.7878854,-4.7999134,0
6.2875915,14.595692,2
22.679092,8.1517315,1
-8.398817,3.7133327,0
3.9763052,24.665695,2
-2.0483928,7.3851585,1
-11.660855,2.2351878,1
19.40451,-5.2935853,1
12.915313,-10.226868,2
15.567343,6.27272,2
-10.932063,-14.125644,1
16.751257,-5.6196995,1
10.985679,-9.41203,2
22.271105,-3.195437,2
-5.078502,8.286208,0
19.867949,17.832579,0
0.9691353,21.21587,0
8.4980345,14.082368,0
7.426148,4.8036246,2
-2.190631,5.381506,0
-5.9648175,2.6675081,0
6.534991,0.029402236,2
-3.2128944,7.862371,0
-8.231917,-8.166,1
2.9824805,-13.401883,1
16.542427,-12.623825,2
21.997421,-3.8656416,1
-6.25664,18.952574,0
1.2259929,-4.030173,0
5.319217,14.830381,2
19.288315,11.100551,2
-4.6732945,-5.6303883,1
6.8155127,-9.438991,1
5.246687,-3.359902,1
-0.37639964,1.2456433,2
21.454613,-0.26618198,2
-3.060096,23.2683,0
7.255216,7.250493,2
-2.3230267,8.363785,0
-13.909447,16.911486,0
7.967148,1.5972655,0
3.652178,15.547056,2
23.67896,9.55403,2
-9.453657,1.4172355,1
5.079262,6.0311174,1
10.6177845,-4.6643157,1
1.69025,3.2945137,1
2.2059894,0.59465814,2
12.607733,10.0831,1
-9.783056,-3.4786954,1
13.458318,0.28011844,2
-2.0368786,10.574248,0
-8.14637,-5.3436866,1
4.710959,7.6155586,1
4.02768,-2.6371214,1
1.4943376,-8.749834,2
17.19325,-8.449385,2
-1.4732729,-10.002164,1
19.862057,-9.5056305,1
3.720778,0.6908076,2
23.618153,1.9656706,0
-2.121591,-8.017251,1
11.079363,-12.750663,1
3.3885133,0.5000541,2
16.17139,8.553365,2
-8.43471,-5.0818033,1
4.7893286,7.7430997,1
3.982348,-2.2148035,1
-0.7893597,0.31773624,2
17.22781,-8.45897,2
-13.510648,5.2778563,0
12.518292,21.82038,0
1.4084854,20.471191,0
8.840434,14.84358,0
7.8006005,4.8523045,2
13.233474,15.429453,1
-1.6305689,1.5971856,1
13.161622,-1.0321689,2
18.339966,3.5188472,2
6.015077,2.240947,2
8.235741,11.670141,0
-3.056742,3.6567245,1
20.45435,-7.80614,2
-3.4122865,6.0339937,0
-7.6384377,13.514598,0
7.8970356,-18.248167,0
8.113831,7.4890175,2
23.261324,8.986908,2
-1.7096466,-8.268049,1
11.019841,-12.813534,1
3.1672356,0.4854637,2
16.082832,8.4661,2
0.35447925,6.1456013,2
0.39288428,7.946532,0
-3.2616405,-5.17383,1
0.39640024,-4.9053683,1
5.849242,-3.7741365,1
-0.6090038,-1.0590801,2
17.157467,-8.416771,0
-4.3363633,3.94736,0
8.495443,-0.48750594,0
17.67822,0.8993528,0
12.645175,3.4158037,1
5.5115266,2.6603448,2
-1.727933,10.922065,2
-15.013203,-3.4574466,1
-0.32685387,-17.608904,1
4.680802,-5.228049,1
2.51872,-7.892268,1
3.5620794,-7.1974173,2
15.686491,-4.2056556,0
-5.0492167,13.432814,0
8.190615,-0.049753916,0
17.720247,1.0249019,0
12.3779745,3.678402,2
6.591153,5.3350916,2
-2.9046915,-11.687901,1
10.941299,5.388104,2
-1.8662785,10.733455,0
5.0070534,2.2475884,2
0.59765023,12.346782,0
-9.774168,10.723733,0
10.48947,23.018057,0
14.900996,3.4454005,0
9.435961,16.868416,0
11.51176,7.6862054,2
14.892194,12.588277,2
3.5524797,-11.503761,1
0.14657724,-17.331755,1
11.411381,-6.9239907,1
1.6882197,3.5615387,1
11.372225,-0.19865158,2
20.073479,6.4722614,2
-2.134231,-8.02883,1
11.101864,-12.731345,1
3.415445,0.47771993,2
16.21153,8.594137,2
-16.96155,12.1899805,0
-0.4367215,24.30713,0
17.132462,0.14130695,0
12.582135,3.4720633,2
0.038975433,17.746187,0
-15.792126,-1.420809,1
5.1326327,-16.476112,1
6.272933,-6.2945795,1
-1.07509,-2.2457566,1
8.434002,-3.4980378,2
20.372223,5.8259788,2
-0.12727559,-9.897157,1
8.068826,9.899264,2
18.298363,3.5602207,1
-5.6629777,-5.8893104,1
7.8416295,-11.045086,1
9.909939,-9.403163,1
-0.1280684,0.9160165,2
16.977802,-8.236794,1
-10.140231,-3.7946882,1
13.362103,0.14326206,2
-2.0535524,10.587658,0
-8.978666,1.7593747,1
4.2614098,5.4928823,1
5.057854,-4.9741354,1
-1.1443375,-0.86833644,1
7.9519877,-3.2028587,2
19.372602,6.229691,2
-7.106555,3.2117457,0
6.445601,0.5255267,2
-2.401969,11.975228,0
-10.372409,-1.8416935,0
16.831644,20.79466,0
14.987824,3.5677223,0
4.3163834,9.506491,0
11.4410925,7.715368,2
16.566647,14.827757,2
5.8390045,3.1088393,2
-0.10128175,12.16229,2
-6.221574,18.924906,0
0.9496391,-3.641918,0
8.557894,7.145665,2
19.593664,14.25182,0
-8.289307,10.963225,0
7.1296306,23.33001,0
8.339176,7.1686788,2
23.169888,8.845029,2
-5.5962553,-0.06634562,1
0.031832106,-8.572602,1
3.9501421,-1.1581638,2
15.164043,5.922132,2
9.362808,10.19531,0
6.9553638,2.3591757,2
-2.3602426,12.011276,0
-5.0801897,13.414532,0
2.9412718,-4.7767735,0
17.766617,1.0367125,0
12.60675,3.4567919,2
-0.0049766917,17.78508,0
-11.23088,-7.915465,1
10.99255,-3.1456592,1
16.466091,-12.985201,2
21.694145,-3.550037,1
-5.945654,18.724606,0
1.7214231,-4.691804,0
8.795124,8.318182,2
22.485657,7.8809786,0
-6.257325,18.950369,0
1.1860051,-3.9750743,0
5.314583,14.818363,2
19.321388,11.171007,2
-1.0839027,19.12983,0
8.943846,19.905642,0
15.619493,1.599803,0
8.8465605,17.337238,0
12.756244,7.794162,2
14.0890665,11.606566,0
-10.765494,9.0002,0
20.642076,18.642292,0
14.618064,3.2434506,0
9.492718,16.822893,0
11.956522,7.560511,2
16.397026,15.00799,2
-10.38993,-1.8392603,0
10.481198,23.01004,0
-2.4099934,17.583511,0
7.3949885,12.438777,0
13.754788,-3.394325,2
-1.4517235,4.8500743,0
-6.915855,3.1233633,0
6.2558722,-0.23818648,2
-3.2123783,7.77104,0
4.931883,2.3837347,2
-0.32594228,12.513899,0
-1.6640627,-12.507742,1
20.750254,-8.105455,1
17.085367,-11.542016,2
22.313784,-4.2950616,1
-13.755526,10.76787,2
-9.703746,7.3782997,0
-14.373478,6.7552276,1
26.70135,3.8070087,1
14.393674,-6.130888,1
-1.1956975,-2.0719254,1
12.182961,13.418515,2
16.933743,-2.1232986,2
4.575914,-10.446394,2
-5.8259306,14.459617,0
-12.426938,7.2692695,1
0.18564214,-13.7061825,1
12.056735,-6.8078113,1
-1.9834498,-1.2195851,1
11.059558,4.8317294,2
15.862345,-1.5636358,2
-1.5998619,1.37319,1
13.157262,-1.0547044,2
18.287529,3.5712457,2
20.45608,4.00023,2
-10.169892,6.9590864,0
-13.043349,-1.2478632,1
7.603298,-14.425433,1
12.464534,-6.7385187,1
-2.6643748,-1.5456243,1
11.132493,4.635692,2
20.901999,6.308951,2
-5.7185054,6.6072197,2
-5.737369,11.028083,2
-16.02744,5.173711,0
14.811533,19.130232,0
-2.3167071,16.569786,0
7.6549335,13.18253,0
13.84679,-3.271113,2
-1.4775716,4.872962,0
-10.864895,12.739912,0
0.89400554,-3.560462,0
8.553642,6.9882946,2
22.756098,8.267266,2
-1.0320985,19.178751,0
8.552233,20.047049,0
2.0797088,19.900839,0
9.412051,14.127398,0
7.7836742,4.340342,2
-2.0249796,5.213093,0
-6.92573,11.208477,0
5.2642326,21.742554,0
4.024628,19.15109,0
10.197831,12.690218,2
23.331623,13.967336,0
-8.444752,15.271441,0
8.581097,-0.36269638,0
17.55787,0.8082517,0
12.708026,3.357305,2
1.4890211,15.099159,0
-8.696568,15.434772,0
9.0648,-0.23583418,0
17.428051,0.68611664,0
12.669981,3.3922315,2
1.5438429,15.044163,2
-3.6004996,-9.366042,1
3.0021002,-13.383867,1
3.8464813,0.7193794,2
23.472923,1.71638,2
-3.5706484,1.811665,1
9.3898735,4.0399995,1
6.410094,-5.71242,1
-1.1272408,-1.9443737,1
0.10586994,14.502557,2
16.97956,-2.0574746,2
-0.9666578,-6.4109483,1
8.045585,10.01165,2
18.455393,3.3965125,2
-10.94435,2.5926275,2
-8.416702,7.8152246,0
-16.016115,8.444878,2
3.4299834,13.909456,0
-5.6968985,-0.17718859,1
19.479145,-12.35051,1
11.733845,-9.88721,2
22.237232,-2.9243412,2
-6.6538286,15.007953,0
3.1603706,-4.9034142,0
17.72536,0.98266846,0
12.599998,3.4618375,2
1.4854512,15.095471,1
-8.111963,-8.272257,1
15.294069,-9.342374,1
3.9098625,0.0022409179,2
16.597073,8.978966,0
-6.1628356,-6.031013,1
8.237709,-11.577111,1
4.741864,-3.1224074,1
-0.17760062,0.8038671,2
21.315397,0.092094876,1
-10.914785,-14.140128,1
16.798847,-5.6419735,1
10.88003,-9.351905,2
22.20301,-3.2747414,2
-4.97489,16.703598,0
11.607419,1.7877867,0
15.154673,2.1651702,0
9.2263775,17.041344,0
10.630362,7.661361,2
14.606427,12.696676,0
5.032928,2.2284684,2
-0.3259852,12.518262,0
-6.746604,-3.6424053,0
11.238879,15.830524,2
-2.4987938,12.133814,2
-9.085525,1.6824054,1
2.03013,-1.9504904,1
11.075599,-7.083295,1
1.7575915,3.0020597,2
17.42318,11.801467,1
-13.019217,-1.2708228,1
7.505129,-14.346375,1
12.870004,-6.6715856,1
1.7318226,4.3692975,1
2.1949053,-0.5872886,2
12.136198,10.430111,0
-13.939056,16.94225,0
7.98253,1.6096689,0
9.71334,7.4496975,2
18.988861,14.836557,0
-8.682832,-4.842678,1
16.800621,-5.6494827,1
10.779089,-9.410911,1
2.068587,1.8953885,0
5.7777133,2.646516,1
6.0341744,2.2248857,2
-11.134797,5.0558043,0
6.9275393,1.1267074,0
6.1277795,2.307549,2
-3.6996295,6.1666183,1
-4.932675,16.712704,0
11.625814,1.7746612,0
15.3077,1.9475517,0
9.104022,17.148832,0
12.270302,7.6708117,2
14.181551,11.793128,0
-4.487708,10.013841,0
6.7551856,2.2042878,2
-2.5905938,8.314231,2
-1.8644874,1.0659001,1
13.281961,-0.387739,2
-1.9467041,10.72348,0
-13.851712,10.752127,2
-10.122185,7.0068126,0
-13.455966,16.439339,0
13.497295,19.716316,0
3.3756888,15.461431,2
19.668785,11.757367,2
-13.046435,-1.2411774,1
7.6117773,-14.430797,1
12.435039,-6.7445006,1
-2.6104467,-1.4963185,1
11.146455,4.663426,2
20.902964,6.31082,2
-7.906307,-2.6463466,0
7.2639704,2.6889722,2
-2.4409432,8.466522,0
-6.6576047,15.012912,0
3.190336,-4.924647,0
6.452776,14.543934,2
22.693962,8.189094,2
10.438206,7.5983195,2
5.6454782,2.7707524,0
-8.254018,-8.144143,1
2.9664598,-13.417852,1
3.8763173,0.6964374,2
23.43828,1.6666574,2
-7.481356,1.002951,2
-8.198332,5.8074584,0
-8.266895,-8.128159,1
3.0128481,-13.371771,1
3.8680968,0.10550646,2
16.568743,8.950258,0
-10.837161,12.775534,0
0.88828,-3.555898,0
4.9971232,14.969306,2
22.79135,8.303937,2
-5.7124143,20.241003,0
9.246047,19.723845,0
15.540103,1.6849542,0
8.904996,17.288643,0
10.6102295,7.6712384,2
16.29635,15.107734,0
-10.569103,14.473486,0
10.147114,-0.6875958,0
4.6800776,18.581137,0
10.553325,13.0771475,2
23.542366,13.638927,0
-1.6599524,2.0205026,2
0.64659756,10.987594,0
-16.934338,12.18293,0
-0.4434498,24.31865,0
4.3049216,18.958263,0
10.286074,12.836212,2
19.709454,9.6047125,0
-15.794879,-1.4316869,1
5.1465807,-16.466028,1
14.071239,-6.2771544,1
2.1431017,5.2404194,1
1.7775112,-0.22467487,2
16.776674,-2.2582033,2
-6.6358237,13.056634,0
-0.45793262,24.30364,0
17.225904,0.2902055,0
9.139387,-6.2430043,0
19.84492,-1.6621705,2
16.310522,15.091682,1
3.022478,-13.362799,1
20.540102,-7.894371,2
-3.1168163,6.1216636,1
-5.8336053,-5.9541717,1
7.964488,-11.1751375,1
9.91461,-9.449005,1
2.0604477,2.051607,2
17.355331,11.742177,1
-1.6658498,1.9891229,2
0.529072,10.83783,0
-5.436274,0.12338037,1
0.019747552,-8.560816,1
3.9551284,-1.1862532,2
15.143232,5.904108,1
-1.6552569,2.0204108,2
0.529925,10.825682,0
-13.299778,3.0397165,0
17.095495,5.649055,0
3.9969318,15.43167,2
23.573885,9.421961,2
-15.977897,5.1443934,0
15.212844,19.66302,0
-2.3557606,16.638094,0
7.658373,13.187607,0
13.775616,-3.3513062,2
-1.4402775,4.837125,0
-11.646563,2.217771,1
19.404118,-5.294087,1
12.911515,-10.225715,2
15.558701,6.2705154,0
-15.684818,-1.4817733,1
5.78489,-16.15067,1
6.3249764,-6.583163,1
-1.0917236,-2.2800026,1
8.443152,-3.3451605,2
15.726694,-4.1903524,2
-10.133035,-3.7882307,1
13.388056,0.19022429,2
-2.0753162,10.5610485,0
-8.371689,-5.1384225,1
4.753117,7.684401,1
10.385909,-9.407344,1
2.125461,1.8869755,2
17.419064,11.801995,1
-11.104755,5.0284634,0
0.5591463,-11.320128,2
-2.488976,12.113055,2
-10.376198,-1.8408499,0
16.851814,20.82477,0
-2.3882346,17.622265,0
7.37406,12.404471,0
13.724546,-3.420953,2
-1.372483,4.777359,0
-7.4601045,0.95198816,2
-5.3013425,5.251096,0
-8.811277,1.889707,1
4.234175,5.513343,1
5.3392453,-4.7839966,1
2.4396472,-7.9204683,1
7.918669,-3.1912942,2
19.337757,6.2448363,2
-19.54119,7.807105,0
16.30755,18.04014,0
-1.8637133,17.710316,0
6.13412,12.109952,0
8.122186,5.246048,2
-1.4420766,4.8329053,0
-5.819971,6.6354914,2
-8.4286375,7.814407,0
3.568696,-11.488765,1
0.3188442,-17.227419,1
5.1207147,-5.5445333,1
2.6307526,-7.7719626,1
7.7467895,-3.032827,2
20.051607,6.45902,2
-8.288227,10.981515,0
7.1272783,23.330055,0
4.6426554,15.154922,2
19.61086,11.527407,0
-7.7358894,22.821907,0
4.7528195,21.847368,0
4.300093,18.96383,0
10.228638,12.762675,2
23.357584,13.884618,0
0.36403725,6.15849,2
0.4863781,7.4645295,0
-3.7104995,1.6710148,1
9.563808,3.974161,1
6.462912,-5.4951787,1
16.237404,-10.084581,1
8.296948,-3.6693196,1
5.301805,4.6782517,2
-9.489045,7.5543027,1
-2.9251688,-11.668259,1
10.970873,5.347596,2
18.54658,3.303381,2
-10.953483,-14.104141,1
16.84186,-5.5999756,1
10.952266,-9.407712,0
11.083813,4.859083,1
13.256556,-0.9639254,2
-3.5797513,6.065447,1
-6.281184,-1.9164542,1
13.322739,-14.513921,1
12.496051,-10.095257,2
22.013594,-3.0620131,2
-19.554575,7.814497,0
16.349855,18.006344,0
14.719101,3.411158,0
5.4027963,9.947325,0
11.85339,7.5278606,2
14.699673,12.459328,0
-10.782854,-0.8528703,1
13.030779,-14.7949915,1
3.8817136,-1.009235,2
15.191192,5.943311,1
-19.511984,7.7766824,0
16.327913,18.019228,0
-1.8290017,17.73308,0
5.365483,9.929274,0
18.68094,-3.0558171,2
14.693212,12.455813,0
-4.4112487,3.9900632,0
8.410252,-0.65840703,0
6.5559897,14.469427,0
8.573289,-5.393159,2
23.274567,13.372112,0
-5.072999,-5.7178044,1
7.9133053,-11.101171,1
9.717553,-9.265465,1
-0.097625755,0.88551104,2
16.966099,-8.236739,1
-7.939191,-2.6760561,0
7.259867,2.6699374,2
-2.4085476,12.0550785,0
-5.9778013,2.6366808,0
6.5068374,0.07717811,2
-3.2212734,7.8381805,0
-14.981869,-3.419649,1
-0.25087425,-17.550425,1
4.7058334,-5.316633,1
-1.7421513,-0.776112,1
11.401481,-0.21545245,2
15.655177,-2.1394231,2
-13.047846,-1.2455573,1
7.606797,-14.425358,1
5.2579303,-6.360028,1
2.9370606,-7.799544,1
8.374969,-2.837034,2
15.732953,-4.15091,1
-5.54995,16.620533,0
9.741398,19.291979,0
15.32717,1.922795,0
9.095799,17.150557,0
10.607347,7.655865,2
14.638883,12.647447,0
-0.50394654,-6.7177167,1
15.354648,-7.5338254,2
-1.9000043,10.646725,0
0.4107011,6.2226667,2
0.47237995,7.5269327,0
-11.739681,2.2407157,1
-4.7647347,-3.1794448,1
12.982727,-10.256382,2
21.842495,-3.2207942,2
-0.12448304,-9.897908,1
8.008472,9.990659,2
-3.5780325,6.0557,0
-0.9818489,-6.4001293,1
15.360824,-7.5428944,2
-1.2573917,11.453856,0
-7.6688824,13.507839,0
7.9006042,-18.25185,0
4.120193,15.375789,2
19.426874,11.770968,2
-9.746881,20.976223,0
17.0538,5.6121335,0
7.792006,7.7099295,2
23.519878,9.359165,2
-4.178528,-5.5118747,1
6.6830816,-9.311254,1
10.620097,-4.672537,1
1.9640115,2.2239757,2
21.532375,-0.12557675,1
-11.621743,0.3190125,2
0.24879771,8.702344,0
-7.4500446,0.95648307,2
-8.185927,5.7939296,0
-13.818853,4.8973346,0
12.172574,21.58015,0
1.3818271,20.517344,0
8.784638,14.88212,0
19.48158,-2.0661879,2
13.229997,15.423961,1
-5.111706,-9.253671,1
11.414835,-1.6443181,1
11.643979,-9.8222275,2
22.319212,-2.9206932,1
-12.166576,-3.1037579,1
6.1076097,-15.851658,1
13.380714,-6.573839,1
1.7917438,4.9078913,1
11.314837,4.220656,2
16.218924,-2.1345236,2
-8.520209,-4.999857,1
4.765393,7.7118225,1
10.584848,-9.394011,1
-0.73034424,0.37581125,2
21.200655,0.46555433,1
-13.707818,5.0326853,0
12.436698,21.764818,0
1.4044513,20.47308,0
8.844726,14.901622,0
19.507423,-2.0415716,2
14.317073,11.960907,2
4.344245,2.7911768,2
-0.54842126,21.140194,0
-3.7350018,1.643637,1
5.873391,6.4910583,1
6.3117876,-5.5429616,1
-1.2606746,-1.7479078,1
8.148895,-3.5550861,1
2.684975,0.5414122,2
13.284108,9.77103,0
-3.6029506,-9.362893,1
2.9958432,-13.387463,1
3.800879,0.69057673,2
16.514431,8.896267,0
0.60357654,18.939253,0
5.3731956,21.677877,0
3.8393068,19.229036,0
2.7971537,9.696736,2
23.318628,13.987225,0
-2.2897131,-4.3595924,1
4.282141,5.552014,1
5.4515095,-4.724749,1
-0.9011089,-0.96847093,1
11.61083,-0.45209506,2
19.248587,6.2877483,2
4.989577,2.0462422,2
0.68360484,12.345435,0
-6.2676973,10.232258,0
7.1807113,2.6064107,2
-2.5496352,8.426785,0
-8.512911,-5.007827,1
13.460571,1.695652,1
3.9742925,-2.0657418,1
1.4397538,-8.773015,2
17.279041,-8.484945,2
-10.84598,12.805105,0
0.8885198,-3.5589805,0
5.2104897,14.868895,2
19.397749,11.230519,2
-1.3209186,-13.023578,1
20.460302,-7.8114324,2
18.567211,3.2834592,2
-1.0758841,19.139753,0
10.870853,1.9645094,0
2.8840222,17.111464,0
9.142464,14.236945,0
7.3186293,3.9860148,2
-2.6552699,5.7540755,2
-7.6865788,-10.535074,1
13.372329,-14.466834,1
12.512692,-10.070371,2
22.006895,-3.0660489,1
-11.634191,0.30896357,2
0.35549003,8.089452,0
-15.796058,-1.4292111,1
5.1430297,-16.468214,1
14.06554,-6.281309,1
2.1654277,5.2506723,1
1.771067,-0.22352853,2
16.788015,-2.2180865,2
-16.025806,8.459242,2
3.4383879,13.922758,0
5.27392,-9.880411,2
1.3927641,12.5830345,0
1.8365084,7.8534236,0
1.8757813,-4.790729,0
5.94117,14.68743,2
19.248432,11.1612215,2
-16.564117,0.843593,1
26.5893,3.8818426,1
14.165243,-6.2304664,1
2.2588305,5.162648,1
1.6705041,-0.15735167,2
12.1391535,10.433678,0
-8.085205,9.0715275,2
-7.789452,5.398153,0
-13.291546,3.0781932,0
17.041351,5.6085916,0
3.7752795,15.493243,2
23.608921,9.472388,2
-8.285614,10.982465,0
7.128474,23.33005,0
4.7588873,15.09078,2
19.545294,11.389294,2
-9.788441,20.934265,0
17.08522,5.6373634,0
7.639367,7.7858434,2
19.128498,14.672513,0
-9.739719,20.983812,0
17.082876,5.6362324,0
4.016417,15.439076,2
19.332611,11.802508,2
-11.607112,0.34398732,2
0.33941162,8.102421,0
-6.950685,3.1264775,0
6.2437706,-0.22890158,2
3.6506119,12.788079,0
-7.82784,3.5785234,0
6.516898,0.89779496,2
3.6542246,12.725603,0
-7.7041984,13.536018,0
7.9023037,-18.250023,0
4.0893908,15.412976,2
23.409618,9.20966,2
-9.0752945,1.6902672,1
1.9991448,-2.0095792,1
11.091445,-7.104525,1
1.7022933,3.2194026,1
2.2071548,-0.4846527,2
12.1531515,10.425497,0
-6.9383206,-9.500302,1
26.108171,4.0262227,1
6.308407,-5.8584995,1
-1.1723523,-2.0626094,1
0.063144274,14.548596,2
20.212105,5.788298,2
-5.651859,-0.12508738,1
19.476744,-12.350828,1
11.738351,-9.876712,2
15.142413,5.910263,2
-5.7478485,20.207417,0
9.142904,19.798876,0
2.004622,19.947407,0
9.352621,14.249334,0
7.783472,4.3886056,2
13.320877,15.513564,1
-10.527128,14.516184,0
10.182479,-0.71672505,0
4.6896734,18.554897,0
10.523381,13.047927,2
19.75745,9.535998,0
-10.946522,2.5924113,2
-8.412042,7.8114276,0
-8.282181,11.020935,0
11.45745,17.449055,0
8.204631,7.334324,2
23.185623,8.868401,2
-8.241541,11.581061,0
11.449184,17.443192,0
4.3961844,15.266517,2
19.579178,11.587234,0
4.54293,-10.4712,2
-3.7386425,-3.3445163,0
-9.274775,15.514088,0
9.518307,-0.21432163,0
17.39832,0.72281325,0
8.998275,-6.0958867,2
23.40647,13.525278,1
-4.8929954,-5.6608806,1
7.1076484,-9.751067,1
9.731602,-9.28531,1
2.0423598,2.0201354,2
21.33231,-0.19585416,1
-12.149306,7.607554,1
9.14798,5.8106804,1
12.421078,-6.7743845,1
1.7840729,4.245962,1
2.2108638,-0.54985404,2
12.178483,10.384034,0
-1.6640855,1.9134947,2
0.6111461,10.945422,0
-3.0571983,23.26991,0
7.2925296,7.304629,2
-2.2833364,8.322089,0
-16.52566,0.8769592,1
26.729395,3.7975996,1
6.171913,-5.916576,1
-1.1846504,-2.1619203,1
12.198177,13.40323,2
20.264372,5.746179,2
-13.483189,5.30154,0
12.48573,21.79651,0
1.439688,20.439186,0
8.792154,14.893031,0
7.8272576,4.8188715,2
-1.9162594,5.1934667,0
-8.716324,15.428676,0
9.08412,-0.22898826,0
4.1896167,17.398373,0
9.830124,11.828836,2
23.348248,13.472538,0
-1.0597008,19.146183,0
8.977941,19.885525,0
1.9716343,19.987232,0
9.34658,14.19518,0
7.798238,4.3525066,2
-1.9882402,5.1699495,0
-7.718286,22.818993,0
4.766134,21.846592,0
4.3081183,18.96782,0
9.250094,-6.3457694,1
5.7570953,2.867098,2
10.867972,19.363335,0
-16.017672,5.1649,0
15.147902,19.59561,0
15.218857,3.8850055,0
4.3983526,9.612364,0
11.517387,7.6741414,2
16.511211,14.883804,2
5.821858,3.0742228,2
-0.2968485,12.178462,2
-4.6726604,13.906892,0
1.9976901,-4.87522,0
5.936465,14.69584,2
22.464096,7.861034,1
-9.995838,3.9272368,0
16.346632,18.00937,0
14.726277,3.3559153,0
9.47502,16.834673,0
11.850101,7.5170484,2
14.6688385,12.427286,2
-7.106684,-6.027674,1
4.221073,7.0278244,1
10.00612,-9.475209,1
-0.5798236,0.60811776,2
17.175083,-8.40208,1
-12.120466,-3.1659749,1
6.09015,-15.871549,1
13.385929,-6.56221,1
1.8179209,4.911079,1
2.1287737,-0.27954635,2
16.175283,-2.1102264,2
-4.492493,10.002409,2
3.1069648,22.14813,0
